RESPNO,FormalPP,InformalPP,TrustPresident,TrustParliament,TrustJudiciary,Age,InterestPublicAffairs,DiscussPolitics,Education
SRL0001,1,3,3,3,1,55,3,2,6
SRL0002,0,3,1,1,0,34,1,0,2
SRL0003,0,4,1,1,2,27,0,0,4
SRL0004,1,1,2,0, ,36,0,0,0
SRL0005,0,4,1,1,0,78,3,0,0
SRL0006,0,1,2,2,0,25,3,1,0
SRL0007,0,1, , , ,35, , ,0
SRL0008,1,2, ,2,1,29,2,1,0
SRL0009,1,4,3,3,3,42,2,1,5
SRL0010,0,0,3,0, ,40,0,0,0
SRL0011,0, ,0, ,2,53,0,0,0
SRL0012,1,4,2,0,0,36,3,0,4
SRL0013,0,4,2,0,1,31,3,0,5
SRL0014,0,4,2,1,1,37,3,1,5
SRL0015,0, ,2, , ,47, , ,0
SRL0016,0,3,2,2, ,34,3,1,1
SRL0017,0,1,3,0,3,52,0,2,4
SRL0018,0,3,3,3,3,30,0,0,3
SRL0019,1,4,3,0,0,47,0,1,4
SRL0020,1,3,0,0,0,28,1,1,5
SRL0021,1,1,2,1,1,23,3,0,4
SRL0022,1,4, ,2,1,65, , ,0
SRL0023,1,3,0,0,2,46, , ,0
SRL0024,1, ,2, , ,45, , ,0
SRL0025,1,2,3,3,3,45,3,2,5
SRL0026,0,0,3,3,3,31,1,1,0
SRL0027,1,0,0,0, ,31,0,0,0
SRL0028,1,3,0,0,0,62,3,2,4
SRL0029,0,1,2,2, ,32,0,0,0
SRL0030,0,3,1,1,0,40,1,0,4
SRL0031,0,3,0,1,1,41,0,0,0
SRL0032,0,0,0, ,3,35, , ,0
SRL0033,1,4,3,3,3,40,1,0,0
SRL0034,0,4,3,0,3,25,1,1,0
SRL0035,0,3,1, , ,22, ,0,0
SRL0036,0,4, , , ,31,2,1,0
SRL0037,0,3,2,1,1,35,0,0,0
SRL0038,0,4,1,0,2,55,3,0,5
SRL0039, , ,1,0, ,55, , ,0
SRL0040,0,3,2, , ,54,3,1,0
SRL0041,0,2,2,1,2,48,0,0,5
SRL0042,0,4,3,3,3,36,3,2,4
SRL0043,0,1,1,0, ,29,0,0,0
SRL0044,0,0,1,1,2,34,0,0,5
SRL0045,0,4,1,0,0,37,0,1,4
SRL0046,1,4,1,1,0,75,3,1,3
SRL0047,0,4,0,0,1,37,3,1,4
SRL0048,1, ,1, , ,36, , ,2
SRL0049,1,1,3,1,3,25,3,2,2
SRL0050,0,1,3,3,3,20,0,0,4
SRL0051,1,4,1,0,0, ,0,1,0
SRL0052,0,4,1,0, , ,0,0,0
SRL0053,1,4,1,0,2,30,3,1,5
SRL0054,0,1,2,2,1,34,3,0,4
SRL0055,1,1, , , ,39, , ,0
SRL0056,0,4,1, , ,25,0,0,4
SRL0057,1,4,3,1,1,42,2,1,0
SRL0058,0,4,3,3,3,45,2,1,1
SRL0059,0,4,2,0,3, ,0,0,0
SRL0060,0,4,1, , ,19,2,1,4
SRL0061,0,4,2,2,2,90,3,0,0
SRL0062,0,2,1,1,1,20,2, ,2
SRL0063,0,1, , , ,56, ,0,0
SRL0064,0,2,1, , ,34, , ,0
SRL0065,0,2,3, ,3,45,2,1,0
SRL0066,1,4,3,3,3,42,3,2,5
SRL0067,1,4,0,0,0,38,1,1,0
SRL0068,1,4, , , ,24,0,0,2
SRL0069,0,4,1,1,1,34,3,0,0
SRL0070,0,0,2,2,1,45,3,0,4
SRL0071,0,2,1, ,1,61, , ,2
SRL0072,0,2,1, , ,31, , ,2
SRL0073,0,1,0,0,0,46,0,0,0
SRL0074,0,4,1,0,0,50,3,0,0
SRL0075,1,4,1,0,0,41,0,0,1
SRL0076,1,4,1,0,0,47,0,1,0
SRL0077,0,4,3,1,2,34,3,1,4
SRL0078,0,4,2,1,1,33,3,0,2
SRL0079,0,2, , , ,51, , ,0
SRL0080,0,1,2, , ,41, , ,2
SRL0081,1,3,3,1,1,54,3,2,5
SRL0082,0,0,3,1, ,29,0,0,0
SRL0083,1,3, , , ,36,0,0,0
SRL0084,0,4,2,0,0,33,2,1,0
SRL0085,0,1,2,2,1,40,3,1,0
SRL0086,1,3,2,1,1,23,3,2,0
SRL0087,1,4,2,2, ,48,1,1,2
SRL0088,0,3,1,0, ,31,2,1,0
SRL0089,0,1,1,1,1,47,2,1,3
SRL0090,0,0,3,1, ,27,0,0,2
SRL0091,0,2,0,0,0,28,0,0,0
SRL0092,0,3,2,0,0,39,2,1,4
SRL0093,0,4,2,1,1,40,3,0,3
SRL0094,0,0,1,2,1,60,2,1,0
SRL0095,0,4,1, ,3,23, , ,4
SRL0096,0,2, , , ,72, , ,0
SRL0097,0,1,3,3,1,21,2,1,4
SRL0098,1,3,2,1,2,67,0,2,6
SRL0099,0,1,1,0,0,27,0,0,4
SRL0100,0,1,0,0,0,31,2,2,3
SRL0101,1,3,2,1,2,66,3,2,0
SRL0102,1,4,0,0,2,39,1,1,0
SRL0103,1,4,1,0, ,45, , ,2
SRL0104,0,4, , , ,46,2,1,2
SRL0105,1,2,1,0,1,27, , ,2
SRL0106,0,4,1,0, ,26,0,0,0
SRL0107,1,3,2,1,2,32,3,2,6
SRL0108,0,3,0,2,1,20,0,1,0
SRL0109,1,4,1,0,2,35,2,1,3
SRL0110,0,2,3,3,0,25,3,1,4
SRL0111,0,4,3,3,3,75,2,1,5
SRL0112,0,1,2,2,2,18,0, ,4
SRL0113,0,3,3,3,3,30,2,1,0
SRL0114,0,1,3,0, ,37,0,0,0
SRL0115,1,4,2,2, ,60,1,1,0
SRL0116,0,1,2,1, ,33,0,0,0
SRL0117,1,3,2,1,1,46,1,1,0
SRL0118,0,4,0,0,0,28,1,1,1
SRL0119,1,1,2,0,2,45, , ,0
SRL0120,0,3,2,0,2,42,1,0,6
SRL0121,0,2,3,3, ,20,0, ,0
SRL0122,0,4,3,0,3,55,3,1,1
SRL0123,1,4,0,0,0,76,2,0,1
SRL0124,1,4,2,0,0,30,0,0,0
SRL0125,1,2,1,1,0,45,3,0,0
SRL0126,1,4,2,1,2,45,0,0,0
SRL0127,0,3,2,1, ,55,1,1,0
SRL0128,1,3,1,0,2,35, , ,4
SRL0129,0,3,2,2,2,81,2,1,0
SRL0130,1,3, , , ,26,3,0,0
SRL0131,1,4,0,0,0,51,1,1,0
SRL0132,1,4,0,0,2,65,2,1,0
SRL0133,1,4,2,1,2,50,2,0,3
SRL0134,0,3,2,2,2,42, , ,0
SRL0135,1,1,1,0, ,20,1,1,0
SRL0136,0,3,2,0,1,23,2,1,5
SRL0137,0,3,2,2, ,27,1,1,4
SRL0138,0,1,3,3,1,52,2,1,0
SRL0139,0,0,3,1,0,68,0,0,0
SRL0140,1,4,1,0,0,47,3,2,3
SRL0141,0,4, , , ,20,0,0,4
SRL0142,0,3,3,3,3,19,3,0,4
SRL0143,0,4,3,1,2,63,3,1,6
SRL0144,1,4,1,1, ,23, , ,3
SRL0145,0,3,1,1,1,42, , ,0
SRL0146,0,3,3,3,1,28,1,1,0
SRL0147,1,4, , , ,26,2,1,0
SRL0148,1,0, , , ,30,1,1,0
SRL0149,1,4,2,2,2,45,3,1,5
SRL0150,0,3,2,1,2,31,0,0,5
SRL0151,1,1,1,0, ,29, , ,0
SRL0152,1,4,2,1, ,40, , ,0
SRL0153,0,3,1,1,2,20,0,0, 
SRL0154,0,2,1,1,2,42,0,0, 
SRL0155,1,3,0,0,0,26,0,0,5
SRL0156,0,3,0,0,0,41,1,1,3
SRL0157,0,3, , , ,23,3,1, 
SRL0158,0,3,2,2,2,38,2,1,4
SRL0159,0,3,2,2, ,54,0,0,0
SRL0160,1,3,1,1, ,34,0,0,0
SRL0161,1,4,2,1,1,45,3,0,3
SRL0162,0,3,2,1,2,55,0,0,0
SRL0163,0,4,0,0,0,42,1,1,5
SRL0164,0,1,1,0, ,31,0,0,0
SRL0165,0,4,2,2,2,52,3,0,2
SRL0166,0,3,2,1,2,80,0,0,1
SRL0167,1,4,0,0, ,35,2,0,3
SRL0168,0,2, , , ,61, , ,0
SRL0169,1,1,3, , ,37,0,0,0
SRL0170,0,3,3,2,1,33,1,1,2
SRL0171,1,3,1,0, ,20,0,1,2
SRL0172,0,4,2,0,1,99,1,0,4
SRL0173,0,4,2,2,1,25,3,0,5
SRL0174,0,4,2,2,1,58,2,0,0
SRL0175,1,3,2,0, , ,0,0,5
SRL0176,1,1, , , ,35,0,0,2
SRL0177,1,4,3,3,3,43,3,2,5
SRL0178,0,3,3,3,2,80,1,1,0
SRL0179,1,4,1,0, ,41,0,1,1
SRL0180,1,4,0,0,0,31,0,0,0
SRL0181,0,4,1,1,2,50,3,1,4
SRL0182,0,1, , , ,38,2,1,4
SRL0183,1,4,0,0, ,30,1,1,0
SRL0184,1,4, , , ,40,0,0,0
SRL0185,0,3,3,3,1,20,1,0,5
SRL0186,0,1,3, ,3,22,0,1,4
SRL0187,0,3,2,0,0,36,0,0,6
SRL0188,0,1,2,0, ,31,0,1,6
SRL0189,1,3,2,2,2,35,2,1,0
SRL0190,0,4, , , ,37,3,0,2
SRL0191,1,4,2,1,1,20,0,0,5
SRL0192,0,4,2, , ,19, , ,4
SRL0193,0,1,3, , ,37,0,0,0
SRL0194,0,0,3,3,3,28,3,2,8
SRL0195,1,3,1,0,0,23,2,1,4
SRL0196,0,4,1,0, ,65,1,1,0
SRL0197,0,3,1, , ,20,0,1,4
SRL0198,0,1, , , ,22,0,0,1
SRL0199,1,3,2, , ,21, , ,4
SRL0200,1,3,2,0, ,29,2,1,6
SRL0201,0,1,3, , ,22,0,0,0
SRL0202,1,4,3,3,3,52,2,1,3
SRL0203,1,4,0,0,0,35,1,0,0
SRL0204,1,4,1,0,0,40,1,1,0
SRL0205,1,1,2,2,2,53,3,2,3
SRL0206,1,3,1,0,0,80,3,1,2
SRL0207,1,4,2,2,2,47, , ,0
SRL0208,0,4,2,2,1,61,2, ,4
SRL0209,1,3,3,3,1,40,3,2,4
SRL0210,0,1,3,1,0,25,2,1,0
SRL0211,1,4,0,0,0,44,1,1,1
SRL0212,1,3,0,0, ,24,0,0,0
SRL0213,1,4,2,0,1,73,3,2,3
SRL0214,1,2,1,1,2,20,3,1,0
SRL0215,0,3, , , ,47,0, ,0
SRL0216,1,4,2,1, ,37,1,1,2
SRL0217,0,4,3,1,1,44,1,1,1
SRL0218,0,1, , , ,31, , ,0
SRL0219,0,4,0,0,2,26,0,0,4
SRL0220,0,4,0,0,0,55,1,1,0
SRL0221,0,3, , , ,80,2,0,0
SRL0222,0,4,2,2,1,45,3,1,0
SRL0223,1,4,2,1, ,55,2,1,0
SRL0224,0,3,2,0, ,35,2,1,0
SRL0225,0,1,3,3,3,26,3,2,8
SRL0226,0,1, , , ,26,0,0,0
SRL0227,1,1,2, , ,25,0,1,5
SRL0228,0,1,1,0,0,38,0,0,5
SRL0229,1,1, , , ,38,0,1,5
SRL0230,1,1,2,2,0,35,0,1,4
SRL0231,1,3,2,2,2,44,2,0,2
SRL0232,0,3,1,0, ,51,2,1,2
SRL0233,0,1,3,3,3,32,3,1,6
SRL0234,0,1,3,3,3,49,0,1,8
SRL0235,0,1,2,1,0,29,1,0,6
SRL0236,1,1,0,0,0,22,0,1,4
SRL0237,1,4,1,0,0,39,1,1,6
SRL0238,1,3,1,0,0,20,3,1,0
SRL0239,1,3,1,0, ,43, , ,4
SRL0240,1,1,2,2,2,40,2,1,4
SRL0241,0,1,3,3,2,33,1,1,6
SRL0242,0,1,3,0,0,48,0,0,0
SRL0243,0,1,0,0,0,35,0,1,5
SRL0244,0,3, , , ,43,0,0,4
SRL0245,1,1, , , ,19,0,0,4
SRL0246,1,2,0,0,0,22,0,0,4
SRL0247,1,3,2,1,2,32,1,0,3
SRL0248,0,1,1,1,1,41, , ,3
SRL0249, , , , , ,60,3,2,5
SRL0250,0,1,3,3,3,28,1,1,6
SRL0251,1,4,1,0,0,73,2,1,1
SRL0252,0,1, , , ,32,0,0,5
SRL0253,0,1,2,0,0,41,3,1,6
SRL0254,0,2,3,3,3,19,3,1,4
SRL0255,1,4,2,1,2,39,3,2,8
SRL0256,0,2, , , ,65, , ,0
SRL0257,0,1,2,0,0,19,0,0,4
SRL0258,0,1,3,3,3,26,2,1,5
SRL0259,1,4,0,0,2,35,1,1,1
SRL0260,1,4,2,2,2,27,0,1,0
SRL0261,0,1,3,3,3,75,2,1,0
SRL0262,1,4, , , ,38,3,0,5
SRL0263,1,1, , , ,30, , ,0
SRL0264,0,1, , , ,19, , ,4
SRL0265,0,1,2,2,2,31,2,1,6
SRL0266,0,3,2,1,1,50,3,1,0
SRL0267,1,1,1,0,1,39,1,1,4
SRL0268,1,4,0,0,0,31,0,1,0
SRL0269,1,3,3,1,0,28,0,0,0
SRL0270,0,4,3,3,1,40,3,2,4
SRL0271,1,3,2,0, ,45, , ,0
SRL0272,1,4,1,1,1,48,3,2,6
SRL0273,1,1,3,3,0,25,0,0,0
SRL0274,1,4,3,3,3,54,3,2,6
SRL0275,0,3,1,0,1,21,0,1,4
SRL0276,0,3,0,0,0,25,2,1,5
SRL0277,0,4,0,0, ,41,3,1,1
SRL0278,0,2,3,3,3,47,2,1,6
SRL0279,1,1, , , ,25,0,0,3
SRL0280,1,3,2,1,2,27, , ,6
SRL0281,1,4, , ,2,58,3,1,2
SRL0282,0,3, , , ,28,0,0,0
SRL0283,1,1,2,0, ,21,0,1,4
SRL0284,1,3,2, , ,19,0,0,0
SRL0285,0,3,3,3,3,27,1,1,4
SRL0286,0,3,3,0,0,45,1,1,1
SRL0287,0,3,1,0, ,64,2,1,0
SRL0288,1,4,2,1, ,49, , ,3
SRL0289,0,1,3,3,3,36,2,1,6
SRL0290,0,1, , , ,22,0,0,0
SRL0291,1,3,2,2,1,23,2, ,4
SRL0293,1,4,1,1,1,42,3,2,2
SRL0294,0,4,0,0, ,46,2,1,0
SRL0295,1,3,2,2,2,38,3,0,4
SRL0296,0,3,2,1,1,46,1,1,2
SRL0297,0,4,2,0,0,48,1,1,4
SRL0298,1,1,3,0,0,34,1,1,1
SRL0299,1,3,3,2,2,43,2,1,0
SRL0300,0,2,1,0,0,42,1,1,0
SRL0302,0,4, , , ,67,0,0,0
SRL0303,1,4,2,2,2,37,2,1,3
SRL0305,0,1,2,2,1,42,1,0,0
SRL0306,0,3,3,2,2,29,3,1,0
SRL0307,0,3,1,3,0,64,3,0,0
SRL0308,0,3,1,1,0,32,3,0,6
SRL0309,1,4,3,3,3,62,3,1,0
SRL0310,1,3,0,0,0,44,0,0,2
SRL0311,0,3,1,0,0,39,3,2,4
SRL0312,0,3,3,1,0,60,0,0,4
SRL0313,0,1,2,0,0,31,2,0,0
SRL0314,0,1,0,0,0,35,3,0,0
SRL0315,1,3,3,2,0,36,2,2,0
SRL0316,0,3,2,1,1,41,2,1,0
SRL0317,0,3,3,1,1,47,0,0,0
SRL0318,1,4,3,1,3,45,0,0,0
SRL0319,0,3,3, , ,38,0,0,0
SRL0320,1,3,3,1,3,30,3,2,4
SRL0321,0,3,3,3,3,50,0,2,1
SRL0322,1,1,3,0,1,35,3,2,0
SRL0323,0,3,2,2,2,81,3,1,0
SRL0324,1,1,2,1,0,47,3,1,0
SRL0325,1,3,3,0,2,50,3,1,0
SRL0326,1,1,3,2,1,55,0,0,0
SRL0327,0,4,1,1,1,68,0,0,0
SRL0328,1,4,1,1,1,36,3,1,0
SRL0329,0,2,1,1,1,81,1,1,0
SRL0330,1,3,0,0,0,48,3,1,0
SRL0331,0,3,0,0,0,64,3,0,0
SRL0332,1,3,2,2,1,34,2,1,0
SRL0333,0,3,3,1,0,40,3,1,0
SRL0334,0,1,0,0,0,42,3,2,1
SRL0335,0,3,3,0,3,60,3,0,1
SRL0336,0,3,1,0,0,24,0,2,2
SRL0337,0,3,2,2,2,24,2,1,2
SRL0338,1,3,2,1,2,41,2,1,0
SRL0339,0,3,1,1,1,68,0,0,0
SRL0340,0,4,3,3,2,55,1,1,0
SRL0341,1,1,3,3, ,29,3,1,4
SRL0342,0,3,3,3,3,90,3,2,0
SRL0343,1,3,0,0,0,40,0,0,0
SRL0344,0,3,1,1,2,54,3,1,3
SRL0345,0,4,2,1,1,54,1,1,6
SRL0346,0,3,0,0,0,45,0,2,2
SRL0347,1,3,3,2,3,65,2,1,0
SRL0348,0,1,3,3,1,30,3,2,0
SRL0349,0,3,3,0,0,72,0,0,2
SRL0350,0,3,2,0,0,42,3,1,1
SRL0351,0,3,2,2,2,18,3,2,0
SRL0352,0,4,1,1,1,80,0,0,0
SRL0353,0,3,2,0,0,45,3,0,0
SRL0354,0,3,3,2, ,55,3,0,1
SRL0355,0,1,2,0,0,30,0,0,0
SRL0356,0,3,1,2,1,30,3,0,6
SRL0357,1,2,0,0,2,41,2,1,0
SRL0358,1,3,1,0,2,40,2,1,0
SRL0359,1,4,3,3,2,57,3,1,0
SRL0360,0,4,3,1,1,40,2,1,0
SRL0361,0,1,2,2,1,39,1,1,0
SRL0362,0,3,2,2,2,75,3,1,1
SRL0363,1,2,3,2,0,21,1,1,4
SRL0364,1,3,3,2,1,30,3,2,0
SRL0365,0,3,1,1,1,70,0,0,0
SRL0366,1,4,3,1,1,45,3,1,0
SRL0367,0,3,3,1,0,47,3,2,0
SRL0368,0,3,1, , ,25,0,0,2
SRL0369,0,3,3,1,0,40,0,0,6
SRL0370,1,3,1,1,2,36,1,0,4
SRL0371,1,3,3,0,1,85,3,1,0
SRL0372,1,3,1,2,0,50,2,1,1
SRL0373,0,3,3,3,2,70,2,1,0
SRL0374,1,4,3,1,1,45,0,0,0
SRL0375,1,3,0,0,0,40,3,2,2
SRL0376,0,3,2,0,0,72,0,0,1
SRL0377,0,3, ,0,2,45,0,0,0
SRL0378,1,2,3,2,0,36,0,0,5
SRL0379,0,3,0,0,0,75,3,2,0
SRL0380,1,4,3,2,2,50,3,2,0
SRL0381,1,4,0,0,0,37,1,1,0
SRL0382,1,3,0,0,3,50,3,2,0
SRL0383,1,3,1,0,0,38,3,2,0
SRL0384,0,2,2,2,0,67,3,1,1
SRL0385,0,2,2,2,2,54,1,0,0
SRL0386,1,3,3,3,2,68,3,2,4
SRL0387,1,1,3,3,1,23,3,1,4
SRL0388,1,1,3,2,0,38,0,0,2
SRL0389,1,3,2,2,2,55,0,0,0
SRL0390,0,3,3,3,1,79,0,0,0
SRL0391,0,3,3,0,3,46,3,2,5
SRL0392,0,3,3, ,0,45,3,2,0
SRL0393,0,3,3,3,3,44, , ,0
SRL0394,0,3,3,2,3,55,0,0,0
SRL0395,1,3,3,1,0,55, , ,0
SRL0396,1,3,0,0,0,82,0,0,0
SRL0397,0,4,3,2,2,45,0,0,2
SRL0398,0,4,3,1,2,72,0, ,0
SRL0399,0,3,0,0,0,50,3,0,4
SRL0400,0,1,3,0,0,52,0,0,0
SRL0401,0,2,3,1,2,70,3,2,1
SRL0402,1,3,2,1,2,52,2,1,0
SRL0403,1,3,1,2,0,35,3,2,5
SRL0404,0,2,3,2,1,28,1,0,0
SRL0405,0,2,3,2,1,38,0,0,2
SRL0406,1,3,3,1,1,62,3,1,2
SRL0407,0,2,3,0,1,55,0,0,0
SRL0408,0,3,3,1,1,45,3,2,4
SRL0409,0,3,3,0,0,43,3,2,0
SRL0410,0,3,0,0,0,33,2,1,2
SRL0411,0,3,1,0,1,46,3,1,4
SRL0412,1,3,3,2,0,26,3,2,4
SRL0413,0,4,3,2,2,32,0,0,0
SRL0414,0,4,3,3,2,54,0,0,4
SRL0415,0,2,3,0,0,26,0,0,0
SRL0416,1,3,2,1,0,31,2,1,0
SRL0417,1,3,1,0,0,36,2,1,3
SRL0418,1,3,2,1,2,27,2,1,3
SRL0419,1,3,3,2,3,26,3,2,0
SRL0420,1,3,3,2,0,42,3,1,0
SRL0421,1,3,3,3,3,72,0,0,1
SRL0422,0,4,3,2,2,55,1,1,0
SRL0423,0,0,0,0,2,32,1, ,0
SRL0424,0,3,3,0,3,45,0,1,0
SRL0425,0,1,3,3,0,21,3,1,4
SRL0426, ,4, , , ,25,2,2,5
SRL0427,0,1,3,2,0,31,1,1,4
SRL0428,1,1,3,1,1,27,0,0,7
SRL0429,1,2,2,1,3,57,3,2,8
SRL0430,1,4,3,2,2,55,0, ,0
SRL0431,0,3,3,1,1,40,3,2,5
SRL0432,1,3,3,1,1,40,3,2,7
SRL0433,0,3,2,0,0,36,2,1,4
SRL0434,0,1,1,2,1,20,2,1,4
SRL0435,0,1, ,0,1,22, ,0,0
SRL0436,0,2,1,2,0,33,3,1,0
SRL0437,0,4,3,1,1,58,0,0,1
SRL0438,0,4,2,2,2,46,1,1,6
SRL0439,0,3,1,1,0,55,1,1,1
SRL0440,0,3,1,1,0,40,0,0,1
SRL0441,0,1,0,1,1,34,2,1,2
SRL0442,0,1,0,1,2,21,2,1,0
SRL0443,1,3,3,1,0,25,3,1,0
SRL0444,1,3,3,2,0,41,3,1,6
SRL0445,0,4,3,2,2,63,1,1,4
SRL0446,0,4,3,2,2,53,1,1,5
SRL0447,1,3,3,1,0,59,3,2,1
SRL0448,0,3,3,0,0,38,3,2,0
SRL0449,1,1,2,1,1,19,0,1,4
SRL0450,0,3,2,1,1,31,2,1,0
SRL0451,0,3,2,1,1,23,3,1,5
SRL0452,1,3,3,2,2,20,3,1,0
SRL0453,0,4,3,2,2,46,2,1,4
SRL0454,0,4,3,3,2,39,1,1,1
SRL0455,0,3,3,1,0,62,3,2,0
SRL0456,0,3,3,1,1,30,3,2,0
SRL0457,1,1,3,2,2,24,1,1,0
SRL0458,0,3,0,0,1,48,1,1,0
SRL0459,1,1,1,1,1,48,3,2,0
SRL0460,1,1,3,2,0,21,2,0,4
SRL0461,0,4,3,2,1,49,0,0,1
SRL0462,1,4,3,3,2,39,3,2,6
SRL0463,0,3,3,1,0,52,0,0,3
SRL0464,0,4,3,1,0,45,3,2,0
SRL0465,1,3,3,0,1,22,2,2,4
SRL0466,1,3,3,2,0,31,2,2,1
SRL0467,1,1,3,2,1,50,3,1,0
SRL0468,0,3,3,1,1,50,3,2,1
SRL0469,1,4,3,1,1,35,1,0,0
SRL0470,1,4,3,2,2,40,0,0,0
SRL0471,0,3,3,0,3,54,3,0,5
SRL0472,0,3,3,1,0,46,1,0,0
SRL0473,0,1,0,0,0,21,1,0,0
SRL0474,1,3,2,2,1,38,2,1,4
SRL0475,1,1,3,2,0,32,0,0,0
SRL0476,1,2,3,2,0,19,3,0,4
SRL0477,0,4,3,3,3,52,0,0,0
SRL0478,0,3,3,2,1,52,0,1,3
SRL0479,0,3,3,1,1,42,3,2,1
SRL0480,0,2,3,0,0,33,2,0,1
SRL0481,1,1,3,2,1,29,2,1,0
SRL0482,0,1,0,0,1,31,0,0,0
SRL0483,1,1,2,1,0,63,2,2,5
SRL0484,0,3,3,2,1,18,3,2,4
SRL0485,0,4,3,1,3,64,1,1,2
SRL0486,0,4,3,2,2,74,1,1,4
SRL0487,0,3,3,0,0,44,0,0,0
SRL0488,0,3,3,1,0,50,0,0,0
SRL0489,0,4,3,3,2,45,3,0,0
SRL0490,0,2,2,2,0,25,3,1,4
SRL0491,0,3,3,2,0,22,2,1,4
SRL0492,0,3,3,1,1,37,3,1,0
SRL0493,0,3,1,1,1,23,3,2,4
SRL0494,0,4,3,2,2,25,3,2,0
SRL0495,1,4,3,2,2,45,1,1,4
SRL0496,1,4,3,2,2,24,0,0,7
SRL0497,1,1,3,2,2,31,2,1,3
SRL0498,1,1,3,3,2,21,0,0,0
SRL0499,1,3,2,1,0,26,3,1,0
SRL0500,1,3,3,2,1,40,3,2,6
SRL0501,0,4,3,2,2,50,2,1,0
SRL0502,0,4,2,2,2,70,0,0,0
SRL0503,1,3,3,3,0,30,3,0,0
SRL0504,1,3,1,1,1,40,3,2,4
SRL0505,1,2,3,2,1,27,2,1,0
SRL0506,1,3,3,2,2,29,2,1,3
SRL0507,1,1,3,2,0,45,3,0,0
SRL0508,1,3,3,2,2,22,3,2,6
SRL0509,0,4,3,2,2,55,1,1,3
SRL0510,0,4,3,2,2,71,0,0,0
SRL0511,0,3,3,1,0,29,3,0,0
SRL0512,1,3,1,0,1,63,3,0,0
SRL0513,0,2,1,0,0,21,2,1,0
SRL0514,1,1,0,0,1,23,0,1,0
SRL0515,1,3,3,2,0,40,3,1,0
SRL0516,0,1,3,2,1,22,1,0,6
SRL0517,0,4,3,2,2,49,1,1,7
SRL0518,1,4,3,2,2,53,0,0,3
SRL0519,0,3,3,0,0,53,0,0,0
SRL0520,1,3,3,1,1,49,3,0,0
SRL0521,1,3,3,1,3,80,0,0,4
SRL0522,1,3,3,1,1,49,3,0,2
SRL0523,0,3,2,1,1,29,0,1,0
SRL0524,0,1,0,0,0,19,0,1,0
SRL0525,0,1,2,1,0,19,0,0,0
SRL0526,1,2,3,2,0,33,2,1,6
SRL0527,0,4,2,2,2,45,0,0,0
SRL0528,0,4,2,2,2,65,0,0,0
SRL0529,1,1,3,2,2,23,2,1,3
SRL0530,0,2,2,1,1,32,2,1,3
SRL0531,0,3,1,1,0,42,0,0,0
SRL0532,1,3,3,1,0,36,0,0,0
SRL0533,0,3,3,2,0,35,3,1,0
SRL0534,0,3,0,0,1,38,2,1,4
SRL0535,0,4,3,2,2,75,0,0,0
SRL0536,0,4,3,2,2,33,0,0,1
SRL0537,1,3,3,1,0,45,3,2,0
SRL0538,0,3,0,0,0,39,3,0,2
SRL0539,1,3,3,2,0,31,3,2,0
SRL0540,1,3,3,1,1,40,3,0,3
SRL0541,0,4,3,2,2,43,0,0,1
SRL0542,0,4,2,2,2,55,0,0,2
SRL0543,0,1,2,1,1,19,0,1,3
SRL0544,1,1,3,2,2,24,2,1,0
SRL0545,1,3,3,1,1,44,3,2,3
SRL0546,0,1,0,0,2,19,2,1,0
SRL0547,1,3,3,3,3,25,3,1,4
SRL0548,0,3,3,2,3,85,3,0,0
SRL0549,1,4,3,2,2,42,0,0,0
SRL0550,1,4,1,1,2,50,2,1,2
SRL0551,0,3,1,0,3,38,3,2,6
SRL0552,1,3,0,0,1,25,0,0,0
SRL0553,1,3,3,2,1,20,2,2,5
SRL0554,0,2,0,0,0,48,0,2,5
SRL0555,0,3,3,1,2,43,0,2,1
SRL0556,1,3,3,0,3,54,3,1,3
SRL0557,0,1,2,2,0,35,0,0,0
SRL0558,0,3,1,1,3,44,3,2,1
SRL0559,0,2,3,2,2,60,2,1,0
SRL0560,0,3,3,2,2,40,1,0,7
SRL0561,1,1,2,2,2,26,2,1,0
SRL0562,1,3,2,1,1,38,2,1,0
SRL0563, , ,0,0,0,37,1,1,3
SRL0564, , ,0,0, ,20,0, ,2
SRL0565,0,2,2,2,2,47,0,0,0
SRL0566,0,1,3,2,2,50,0,0,1
SRL0567,0, ,0,0,0,75,0,0,0
SRL0568,1,3,1,1,2,29,0,2,9
SRL0569,1,1,2,1,3,27,2,0,0
SRL0570,1,3,3,2,1,32,2,1,0
SRL0571,0,3,3,1,1,51,3,0,2
SRL0572,0,3,3,0,3,35,3,2,2
SRL0573,0,3,3,1,1,25,2,1,2
SRL0574,1,2,3,2,3,31,3,1,0
SRL0575,0,4,3,1,3,60,0,0,0
SRL0576,0,3,3,3,3,72,2,1,3
SRL0577,1,3,0,0,0,29,3,2,5
SRL0578,1,2,1,2,1,31,2,1,5
SRL0579,0,1,1,1,0,18,0,0,6
SRL0580,0,1,1,2,3,45,0,0,9
SRL0581,1,2,1,2,3,42,1,1,6
SRL0582,1,3,2,2,1,68,2,2,7
SRL0583, , ,1,1,1,30,0,0,2
SRL0584,1,2,3,1,3,21,0,2,7
SRL0585,1,1,3,2,1,22,2,1,4
SRL0586,1,1,3,1,1,25,3,2,4
SRL0587,1,3,3,1,0,44,3,2,5
SRL0588,1,3,3,1,0,32,3,2,5
SRL0589,0,4,3,2,2,54,1,1,3
SRL0590,0,4,3,2,2,26,3,2,5
SRL0591,1,3,3,2,2,34,3,2,7
SRL0592,1,2,3,2,2,37,3,2,4
SRL0593,1,3,3,2,0,35,2,1,6
SRL0594,1,3,3,0,0,51,3,1,6
SRL0595,1,3,1,1,0,28,0,0,4
SRL0596,1,3,1,2,0,43,3,1,2
SRL0597,0,3,1,1,1,51,1,0,0
SRL0598,0,3,1,1,1,59,0,0,0
SRL0599,0,3,3,1,0,48,3,2,4
SRL0600,0,1,3,1,0,41,0,0,0
SRL0601,0,1,1, , ,40,3,2,0
SRL0602,0,3,0,0,2,45,0,0,4
SRL0603,0,3,3,3,0,48,0,0,1
SRL0604,0,2,2,2,2,42,0,0,4
SRL0605,1,3,3,3,3,45,0,0,1
SRL0606,1,2,3, ,0,24,3,0,0
SRL0607,0,0,2,0, ,20,0,0,0
SRL0608,0,3,3,3, ,42,3,1,1
SRL0609,0,1,1,0,0,33,2,1,2
SRL0610,0,4,0,0,3,49,3,1,0
SRL0611,1,4,1,2,2,47,2,1,4
SRL0612,0,2,1,2,3,18,0,0,4
SRL0613,1,0,2,2,2,46,1,1,0
SRL0614,0,0,0,0,0,45,0,0,0
SRL0615,0,0,0,0,0,50,2,1,0
SRL0616,0,3,3,0,0,42,0,0,2
SRL0617,0,1,2,0,0,45,1,0,0
SRL0618,0,2,2,0,1,30,2,1,0
SRL0619,1,0,3,0,0,33,0,0,4
SRL0620,0,0,1,1,3,38,0,0,0
SRL0621,0,3,3,3,3,26,0,0,0
SRL0622,1,4,3,1,3,29,1,0,4
SRL0623,0,0,3,0,0,39,0,0,2
SRL0624,0,0,0,0,2,56,2,1,0
SRL0625,0,4,2,2,0,35,1,0,0
SRL0626,0,1,1,0,1,31,3,1,0
SRL0627,1,3,2,2,2,27,1,1,4
SRL0628,0,4,0,0,3,45,2,1,2
SRL0629,0,2,1,0, ,36,3,0,0
SRL0630,1,4, , ,2,65,1,1,0
SRL0631,0,0,2,0,0,36,0,0,6
SRL0632,1,1,2,2,2,21,0,0,0
SRL0633,0,3,0,0,2,25,0,0,0
SRL0634,1,3,2,0,1,34,2,2,4
SRL0635,0,1,1,2, ,33,1,0,0
SRL0636,1,2,3,3,3,53,3,2,5
SRL0637,0,0,0,0,1,29,2,0,0
SRL0638,1,0,0,1,3,21,1,0,4
SRL0639,0,2,2,3,3,20,3,0,0
SRL0640,0,2,2,3,0,27,3,2,4
SRL0641,0,3,1,3,1,43,0,0,1
SRL0642,1,2,1,3,3,19,1,1,4
SRL0643,0,1,0,1,1,62,0,0,0
SRL0644,0,4,0,3,3,34,1,1,0
SRL0645,0,1,1,0,0,40,1,0,0
SRL0646,0,1,1,0,1,42,3,1,5
SRL0647,0,1,1,0,0,30,3,0,2
SRL0648,0,1,0,0,0,23,2,1,6
SRL0649,1,3,0,0,3,45,2,1,6
SRL0650,0,2,3,3,3,46,3,1,6
SRL0651,0,3,1,2,1,39,1,0,0
SRL0652,0,1,2,0,1,30,1,0,0
SRL0653,0,3,0,2,3,57,1,0,2
SRL0654,0,3, ,0,1,54,1,0,0
SRL0655,1,3,0,1,1,63,2,1,6
SRL0656,1,3,1,1,2,25,2,1,0
SRL0657,0,0,0,0,1,25,2,0,0
SRL0658,1,2,0,1,1,40,3,1,6
SRL0659,1,4,1,1,1,35,2,1,0
SRL0660,0,3,2,2,2,54,0,0,6
SRL0661,1,0,2,1,3,28,1,0,5
SRL0662,0,1,0,1,1,25,0, ,0
SRL0663,1,1,2,0,2,18,3,2,4
SRL0664,1,3,3,3,2,36,2,1,0
SRL0665,1,1,1,1,2,23,2,1,4
SRL0666,0,3,1,0,1,54,1,0,1
SRL0667,0,3,3,3,3,46,0,0,2
SRL0668,0,4,1,1,2,43,3,2,5
SRL0669,0,3,1,1, ,31,0,0,0
SRL0670,0,1,3,1,1,25,2,0,2
SRL0671,1,2,3,1,2,56,1,1,0
SRL0673,0,1,3,1,2,21,0,0,4
SRL0674,0,1,1,1,1,29,2,0,0
SRL0675,1,4,0,0,2,47,2,1,7
SRL0676,0,0,0,0,1,35,0,0,4
SRL0677,1,4,0,0,3,42,3,2,4
SRL0678,1,4,0,1,2,55,3,2,5
SRL0679,0,3,1,2,1,41,1,1,0
SRL0680,0,3,1,2,2,42,0,1,4
SRL0681,0,2,1,1,1,30,3,1,8
SRL0682,0,0,0,0,2,22,1,0,2
SRL0683,0,3,0,0,0,63,1,0,0
SRL0684,1,3,0,0,1,35,0,2,1
SRL0685,0,0,2,1,1,22,2,2,4
SRL0686,0,0,0,2,3,42,0,0,8
SRL0687,0,3,1,0,0,55,2,1,1
SRL0688,1,3,1,2,2,28,1,2,2
SRL0689,1,1,2,1,2,25,3,1,1
SRL0690,0,0,1,1,1,34,1,0,4
SRL0691,0,1,0,3,3,24,0,0,4
SRL0692,1,1,0,0,1,40,1,1,4
SRL0693,0,1,3, ,3,19,2,0,4
SRL0694,0,0,3,3,3,29,0,0,6
SRL0695,1,4,0,1,3,38,1,1,5
SRL0696,0,1,2,0,2,27,1,1,6
SRL0697,0,2,1,1,0,29,3,2,0
SRL0698,0,0,0,0,0,72,1,0,1
SRL0699,0,3,0,0,0,40,3,2,8
SRL0700,0,2,1,0,2,35,2,2,1
SRL0701,0,2,0,1,1,32,1,1,0
SRL0702,1,3,1,2,0,56,1,1,4
SRL0703,0,3,1,1,0,30,0,0,0
SRL0704,0,3,2,3,2,35,3,2,1
SRL0705,1,0,2,2,2,33,0,0,0
SRL0706,1,1,1,1,1,29,2,0,7
SRL0707,1,3,3,0,2,43,3,2,4
SRL0708,1,3,2,1,2,35,3,2,1
SRL0709,0,1,2,0,2,40,3,2,5
SRL0710,1,1,0,0,2,21,0,1,5
SRL0711,1,4,1,1,2,37,1,1,1
SRL0712,0,3,3,2,2,45,0,0,3
SRL0713,1,2,3,3,3,19,3,0,4
SRL0714,0,3,1,0,1,27,3,1,3
SRL0715,0,0,1,1,1,40,1,0,0
SRL0716,0,3,2,2,2,33,0,0,0
SRL0717,1,3,0,1,2,39,1,0,0
SRL0718,1,4,0,0,2,57,1,1,0
SRL0719,1,3,1, ,2,41,0,0,0
SRL0720,1,3,2,2,1,59,2,1,1
SRL0721,0,3,0,0,1,40,3,1,5
SRL0722,0,1,1,0,1,45,3,0,3
SRL0723,0,0,0,0,0,29,0,0,2
SRL0724,0,2,0,0,2,40,1,1,0
SRL0725,0,3,1,1,1,56,2,1,6
SRL0726,0,1,1,1,1,40,1,0,0
SRL0727,0,1,3,3,3,35,3,2,0
SRL0728,1,3,1,1,1,38,0,0,0
SRL0729,1,3,1,1,1,41,2,1,4
SRL0730,1,1,2,2,3,45,1,2,6
SRL0731,1,4,0,1,1,49,2,2,8
SRL0732,1,1,0,1,1,36,3,2,8
SRL0733,0,1,0,0,2,29,3,0,1
SRL0734,0,2, ,0,0,25,3,1,8
SRL0735,0,0,2,2,3,29,2,1,4
SRL0736,0,0,3,2,2,29,1,1,4
SRL0737,0,3,2,2,0,37,0,0,0
SRL0738,0,3, , ,3,42,0,0,0
SRL0739,1,1,1,1,2,24,0,1,0
SRL0740, ,3,3,3,0,38,3,2,1
SRL0741,0,3, , ,0,35,3,1,1
SRL0742,0,3,2,2,1,47,2,2,2
SRL0743,0,3,3,2,2,35,2,1,3
SRL0744,0,0, , ,2,30,0,0,0
SRL0745,1,1,1,1,1,30,3,2,8
SRL0746,1,1,1,1,1,32,3,2,8
SRL0747,0,0,1,1,1,29,2,1,4
SRL0748,0,0,1,1,1,20,1,0,5
SRL0749,1,2,0,2,2,28,3,2,8
SRL0750,1,2,0,1,2,34,3,2,9
SRL0752,1,3,1,1,1,52,1,1,6
SRL0753,0,1,1,1,1,29,3,0,0
SRL0754,0,1,1,1,1,40,3,2,4
SRL0755,0,0,1,1,1,33,1,0,1
SRL0756,0,0,1,0,1,40,2,0,5
SRL0757,1,4,0,2,2,37,3,2,8
SRL0758,1,4,0,2,2,53,3,2,9
SRL0759,1,3,1,1,1,65,1,1,1
SRL0760,1,3,1,1,1,46,1,1,2
SRL0761,0,1,1,1,1,25,3,1,0
SRL0762,0,3,0,0,0,37,3,2,0
SRL0763,1,1,0,1,2,22,2,1,0
SRL0764,0,3,1,1,1,25,0,0,2
SRL0765,0,3,0,0,1,41,3,2,6
SRL0766,0,1,1,1,1,48,1,0,4
SRL0767,1,4,0,1,2,41,1,1,7
SRL0768,0,3,1,2,1,35,1,1,4
SRL0769,0,2,2,2,2,32,2,1,4
SRL0770,0,0,1,1,1,22,1,0,0
SRL0771,1,4,1,2,2,56,3,2,1
SRL0772,1,3,1,1,1,25,1,1,6
SRL0773,0,1,1,1,1,28,3,1,5
SRL0774,0,0,1,1,1,75,1,0,0
SRL0775,1,4,0,2,2,63,2,1,5
SRL0776,1,3,1,1,1,27,1,1,2
SRL0777,1,3,0,2,2,38,2,1,0
SRL0778,0,1,1,1,1,25,2,1,0
SRL0779,0,1,2,2,1,39,3,1,5
SRL0780,0,0,1,1,1,45,2,1,3
SRL0781,1,4,0,2,2,22,1,1,3
SRL0782,1,4,0,2,2,49,1,1,0
SRL0783,0,3,1,2,1,42,1,1,0
SRL0784,0,3,1,1,1,46,1,1,4
SRL0785,1,4,0,2,2,41,2,2,1
SRL0786,1,4,0,2,2,54,1,0,0
SRL0787,0,3,1,1,1,65,1,1,0
SRL0788,0,3,1,1,1,50,1,1,4
SRL0789,0,0,1,1,1,45,0,0,0
SRL0790,0,0,1,1,1,55,0,0,0
SRL0792,0,2,1,1,2,29,2,1,5
SRL0793,0,3,1,2,0,41,1,0,6
SRL0794,0,0,1,2,1,37,2,1,0
SRL0795,1,4,0,2,2,60,2,1,0
SRL0796,0,3,1,1,1,44,0,0,0
SRL0797,1,4,3,0,1,42,3,2,0
SRL0798,0,0,2,2,2,48,1,1,0
SRL0799,1,4,0,2,2,63,0,0,7
SRL0800,1,3,1,1,1,38,2,1,2
SRL0801,0,4,0,1,1,29,1,0,0
SRL0802,0,0,1,1,1,40,2,0,0
SRL0803,1,4,0,2,2,40,2,1,1
SRL0804,0,3,1,1,1,43,1,1,2
SRL0805,1,3,3,3,2,30,3,2,6
SRL0806,0,0,1,2,1,35,1,0,0
SRL0807,1,4,0,2,2,38,2,1,0
SRL0808,0,3,1,1,1,45,0,0,0
SRL0809,0,1,0,0,0,33,1,1,0
SRL0810,1,4,0,2,2,65,3,2,1
SRL0811,1,4,0,2,1,55,1,1,0
SRL0812,0,1,1,1,1,47,2,1,0
SRL0813,0,1,1,1,1,53,2,1,0
SRL0814,0,1,1,1,1,25,2,1,0
SRL0815,0,1,1,1,1,30,2,0,3
SRL0816,0,0,0,0,0,48,1,1,6
SRL0817,0,4,1,1,1,32,2,1,4
SRL0818,0,1,2,2,2,23,2,0,5
SRL0819,1,4,0,0,0,38,3,2,0
SRL0820,0,0,1,1,1,19,1,1,4
SRL0821,0,3,0,2,2,71,1,0,1
SRL0822,1,3,1,1,1,46,1,1,0
SRL0823,0,3,1,1,1,65,1,1,0
SRL0824,1,4,0,2,1,57,1,0,0
SRL0825,1,3,1,1,1,43,1,1,0
SRL0826,0,3,1,1,1,36,1,1,0
SRL0827,1,4,0,3,1,27,3,2,5
SRL0828,1,4,0,1,2,42,3,2,6
SRL0829,0,0,0,0,0,35,0,0,2
SRL0830,0,3,0,0,0,58,2,0,0
SRL0831,0,4,0,0,0,38,1,1,2
SRL0832,0,1,1,1,1,23,2,0,4
SRL0833,0,1,1,1,1,29,3,2,0
SRL0834,1,3,2,2,2,45,1,1,3
SRL0835,0,3,2,2,1,41,0,0,0
SRL0836,1,3,0,2,1,26,2,1,4
SRL0837,0,4,0,1,2,57,1,1,0
SRL0838,0,0,0,0,0,28,0,0,4
SRL0839,0,1,1,1,1,32,2,1,0
SRL0840,0,3,1,1,1,40,3,2,4
SRL0841,0,1,1,1,1,29,3,0,0
SRL0842,0,4,1,1,1,39,2,2,2
SRL0843,1,4,0,0,2,38,3,2,6
SRL0844,1,3,2,1, ,43,1,0,0
SRL0845,0,3,2,1,1,35,2,1,0
SRL0846,0,0,1,1,1,22,0,0,2
SRL0847,1,4,2,2,2,56,3,2,1
SRL0848,0,3,1,1, ,39,1,1,0
SRL0849,0,3,1,1,1,30,2,1,2
SRL0850,0,4,1,1,1,40,2,0,0
SRL0851,1,4,0,0,2,28,2,1,0
SRL0852,0,3,1,1, ,41,0,0,0
SRL0853,0,1,1,1,1,22,2,0,4
SRL0854,0,3,1,1,1,34,1,1,1
SRL0855,1,4,0,2,2,23,2,1,1
SRL0857,0,3,1,1,1,75,0,0,0
SRL0858,0,1,0,0,1,62,0,0,0
SRL0859,1,4,0,1,2,74,3,2,1
SRL0860,1,4,0,0,2,55,3,2,1
SRL0861,0,3,0,0,0,38,1,1,0
SRL0862,0,4,0,0,0,40,2,1,0
SRL0863,0,1,1,1,1,45,2,0,0
SRL0864,0,3,1,1,1,35,2,1,0
SRL0865,1,3,1,1,1,29,1,1,2
SRL0866,0,3,1,1,1,55,0,0,2
SRL0867,1,4,0,0,2,47,3,2,1
SRL0868,1,4,0,1,2,48,2,1,1
SRL0869,0,3,1,1,1,31,1,1,2
SRL0870,0,3,1,1,1,37,2,1,2
SRL0871,0,1,2,2,2,65,2,1,0
SRL0872,0,1,1,1,1,19,2,0,4
SRL0873,1,3,3,2,2,35,3,2,2
SRL0874,0,1,1,1,1,77,1,0,2
SRL0875,1,4,1,1,2,47,2,1,1
SRL0876,1,3,2,1,1,47,3,2,1
SRL0877,1,4,2,2,2,31,2,1,2
SRL0878,0,0,2,2,2,22,1,1,5
SRL0879,1,2,2,1,2,40,1,0,0
SRL0880,1,3,1,1,1,37,1,1,2
SRL0881,0,1,2,2,2,29,2,0,0
SRL0882,0,3,1,0,1,25,1,1,2
SRL0883,1,3,2,2,2,39,0,1,0
SRL0884,0,3,2,1,1,40,0,0,0
SRL0885,0,3,3,3,1,35,2,1,2
SRL0886,0,3,1,1,1,29,1,1,0
SRL0887,1,4,2,2,2,55,2,1,1
SRL0888,1,4,3,1,1,27,1,1,4
SRL0889,0,2,0,0,2,41,2,1,3
SRL0890,1,0,1,1,1,21,0,0,4
SRL0891,0,3,0,0,1,40,2,2,6
SRL0892,0,0,1,0,0,37,1,1,3
SRL0893,1,4,1,1,2,42,3,2,6
SRL0894,1,4,3,3,3,63,3,2,6
SRL0895,0,3,3,3,1,76,2,1,0
SRL0896,0,3,3,2,1,65,2,1,0
SRL0897,0,2,0,0,0,33,0,2,4
SRL0898,0,2,1,2,1,59,3,0,6
SRL0899,0,3,3,0,1,40,1,0,0
SRL0900,0,2,1,0,1,49,2,1,0
SRL0901,1,1,3,0,0,25,0,0,0
SRL0902,1,3,0,2,3,19,3,2,5
SRL0903,1,3,1,0,1,49,3,1,0
SRL0904,1,3,1,0,0,45,3,2,5
SRL0905,0,3,0,0,0,26,3,1,0
SRL0906,1,2,1,1,3,65,3,2,1
SRL0907,0,3,1,3,1,34,0,1,6
SRL0908,0,3,3,2,3,47,2,1,0
SRL0909,1,2,3,3,3,28,0,0,2
SRL0910,0,2,3,0,3,64,3,0,3
SRL0911,1,2,1,2,2,19,1,1,4
SRL0912,0,3,1,1,2,35,3,1,8
SRL0913,1,2,2,2,2,25,0,1,4
SRL0914,1,4,3,2,1,43,2,1,3
SRL0915,0,0,3,1,1,36,3,0,0
SRL0916,0,3,3,1,3,50,3,0,0
SRL0917,0,3,2,1,3,55,0,0,1
SRL0918,0,1,3,3, ,35,0,0,0
SRL0919,1,3,3,0,2,36,1,1,6
SRL0920,1,1,3,0,0,20,3,1,4
SRL0921,1,1,0,0, ,50,0, ,4
SRL0922,0,0,1,0,3,39,3,0,4
SRL0923,1,3,3,3, ,27,0,0,0
SRL0924,1,3,3,0,0,25,3,2,0
SRL0925,1,2,1,0,0,32,3,2,7
SRL0926,1,4,0,0,2,50,3,0,8
SRL0927,0,3,3,0,0,33,0,0,2
SRL0928,1,3,3,0,0,26,3,2,0
SRL0929,1,1,3,1,3,20,0,0,4
SRL0930,1,2,3,2,0,30,0,0,0
SRL0931,0,3,3,3,3,55,3,0,7
SRL0932,0,4,1,0,2,45,0,0,3
SRL0933,1,3,3,3,0,35,0,1,0
SRL0934,0,3,3,0,0,24,0,0,4
SRL0935,1,3,3,0,0,22,3,1,0
SRL0936,1,3,3,0,0,31,3,2,0
SRL0937,0,3,1,0,0,60,0,1,0
SRL0938,1,3, , ,1,60,2,0,0
SRL0939,0,3,3,3,3,35,2,1,0
SRL0940,0,3,3,3,3,53,0,0,0
SRL0941,1,3,3,0,1,51,3,0,4
SRL0942,0,4,1,0,2,40,0,0,3
SRL0943,1,2,0,0, ,25, ,0,0
SRL0944,0,3,3,1,2,62,0,0,1
SRL0945,1,1,1,0,0,24,0,0,4
SRL0946,0,2,3,2,3, ,0,0,0
SRL0947,1,3,3,0,0,19,3,2,4
SRL0948,0,3,3,3,0,40,0,2,2
SRL0949,1,1,3,3,0,21,3,1,4
SRL0950,0,3,0,0,0,30,3,2,6
SRL0951,1,3,3,0,0,35,3,2,0
SRL0952,1,3,3,0,0,45,0,0,0
SRL0953,1,1,3,3,1,55,1,0,1
SRL0954,0,2,3,1,1,28,1,0,2
SRL0955,0,2,3,2,3,41,3,1,1
SRL0956,1,1,3,3,1,40,1,0,8
SRL0957,1,3,3,1,0,36,0,0,4
SRL0958,0,1,3,3,0,26,0,1,8
SRL0959,0,3,3,0,0,68,3,2,4
SRL0960,1,3,3,0,0,46,3,1,0
SRL0961,1,3,3,3,3,40,3,1,0
SRL0962,0,1,2,2,1,50,3,2,8
SRL0963,0,1,2,2,2,42,3,2,2
SRL0964,0,3,3,0,0,60,3,0,0
SRL0965,1,3,3,3,3,19,3,1,4
SRL0966,1,1,3,3,3,23,0,0,0
SRL0967,1,3,3,0,0,54,3,2,0
SRL0968,1,3,3,0,0,45,3,2,0
SRL0969, ,2,3,3, ,19,0,0,4
SRL0970,1,4,1,0,1,35,0,0,4
SRL0971,1,3,3,3,3,27,3,0,8
SRL0972,1,3,3,1,0,59,3,0,1
SRL0973,1,1,0,0,0,27,3,0,1
SRL0974,0,1,3,3, ,85,0,0,1
SRL0975,1,3,3,0,0,65,3,2,0
SRL0976,1,3,3,0,0,42,3,2,0
SRL0977,0,1,1,1, ,38,0,0,2
SRL0978,0,4,1,0,1,52,1,1,1
SRL0979,0,3,2,1,0,65,3,1,0
SRL0980,1,2,2,2,0,50,3,1,5
SRL0981,0,3,3,1,1,35,0,0,4
SRL0982,0,3,3,2,2,33,3,1,7
SRL0983,0,3,3,0,0,67,3,1,0
SRL0984,0,3,3,0,0,54,3,1,0
SRL0985,1,3,1,0,2,29,3,2,4
SRL0986,1,3,3,0,0,47,3,2,0
SRL0987,0,3,3,1,1,42,0,0,3
SRL0988,1,2,3,3,3,22,3,1,4
SRL0989,0,3,2,2,1,40,2,0,5
SRL0990,1,2,3,2,0,26,3,1,4
SRL0991,0,1,1,1, ,18,0,0,2
SRL0992,0,2,3,2,1,40,0,0,4
SRL0993,0,3, ,0,1,24,2,1,6
SRL0994,0,3,1,0,0,40,3,1,8
SRL0995,0,0,1,1,1,32,0,0,4
SRL0996,1, ,3,3,3,19,1,2,5
SRL0997,0,2,2,2,0,47,1,1,6
SRL0998,0,2,3,0,3,40,0,0,2
SRL0999,0,3,3,3,3,36,0,0,7
SRL1000,1,3,3,0,0,45,3,1,0
SRL1001,1,3,0,0,0,30,3,2,0
SRL1002,0,3,1,0,0,52,3,1,0
SRL1003,0,3,3,1,1,19,0,1,4
SRL1004,1,3,0,0,3,20,2,2,4
SRL1005,0,3,3,1,0,38,3,2,5
SRL1006,0,3,3,1,0,54,3,2,6
SRL1007,1,0,3,1,0,35,2,1,6
SRL1008,1,2,0,0,0,22,1,2,5
SRL1009,1,3,3,3,0,42,3,1,4
SRL1010,1,3,1,0,3,29,2,0,0
SRL1011,0,2,3,0,3,39,1,0,4
SRL1012,0,2,1,0,1,26,0,0,4
SRL1013,0,1,3,3,3,24,0,0,5
SRL1014,0,1,1,3,0,30,0,0,0
SRL1015,1,3,2,0,0,33,1,0,4
SRL1016,1,3,0, ,0,29,0,0,4
SRL1017,1,2,0,0,0,24,2,1,5
SRL1018,1,3,0,0,0,32,2,2,6
SRL1019,0,3,2,2,0,71,3,1,6
SRL1020,0,3,2,2,0,32,3,1,6
SRL1021,1,3,3,0,0,24,3,2,6
SRL1022,1,1,3,3,3,23,0,0,2
SRL1023,1,3,1,0,0,40,3,2,0
SRL1024,0,3,0,0,0,52,1,1,6
SRL1025,0,3,0,0,0,56,0,0,5
SRL1026,1,3,0,1,0,49,3,1,9
SRL1027,0,2,3,0,2,26,3,0,8
SRL1028,0,2,3,0,2,35,3,0,8
SRL1029,0,3,1,1,1,24,0,0,4
SRL1030,1,2,0,0,0,28,3,2,6
SRL1031,1,3,3,2,2,29,3,1,5
SRL1032,1,3,3,0,0,35,2,1,5
SRL1033,0,2,3,3,2,20,2,2,5
SRL1034,0,2,0,0,0,25,2,0,5
SRL1035,1,0,1,0,0,38,3,1,6
SRL1037,0,3,0,0,0,49,0,1,4
SRL1038,1,1,1,0,1,20,3,1,5
SRL1039,1,3,1,0,0,30,2,1,4
SRL1040,1,1,1,0,0,32,0,1,6
SRL1041,0,2,3,2,0,44,0,0,2
SRL1042,0,3,2,1,0,52,2,0,5
SRL1043,0,1,0,0,1,46,3,0,3
SRL1044,0,1,0,0,1,56,3,0,5
SRL1045,1,1,3,3,0,18,0,0,4
SRL1046,1,3,0,0,0,29,0,0,3
SRL1047,1,3,3,2,0,45,1,1,4
SRL1048,1,3,2,0,0,35,1,1,4
SRL1049,0,0,3,0,0,42,0,1,4
SRL1050,1,4,3,0,0,46,1,1,4
SRL1051,0,3,1,1,1,21,3,2,5
SRL1052,0,2,3,3,3,27,0,0,0
SRL1053,0,2,3,0,0,32,3,1,2
SRL1054,0,3,1,0,2,34,3,1,6
SRL1055,1,1,0,0,1,31,1,0,4
SRL1056,1,1,1,1,1,23,1,1,5
SRL1057,1,3,3,1,0,65,3,2,6
SRL1058,1,3,2,1,0,37,3,1,0
SRL1059,0,1,3,3,3,75,0,1,4
SRL1060,1,3,3, ,3,40,3,2,4
SRL1061,1,3,0,0,1,34,1,1,4
SRL1062,0,1,2,2,1,70,1,0,0
SRL1063,0,1, , ,2, ,0,0,1
SRL1064,1,1,0,0,0,27,0,1,6
SRL1065,0,1,1,1,1,21,1,0,5
SRL1066,0,1,2,1,0,29,0,1,7
SRL1067, , ,0,0,0,30,2,2,4
SRL1068,0,1,3,3, ,34,3,0,0
SRL1069,0,2,1,0,3,25,0,1,6
SRL1070,1,3,1,1,3,38,1,1,1
SRL1071,1,0,3,2,1,32,1,1,5
SRL1072,0,1,3,3,3,62,1,1,0
SRL1073,1,1,2,1,0,25,1,1,5
SRL1074,1,1,0,0,0,41,0,1,4
SRL1075,0,0,0,0,0,24,3,1,0
SRL1076,1,1,0,1,2,46,3,1,1
SRL1077,1,1,0,0,3,22,3,2,4
SRL1078,0,0,1,0,1,45,0,0,4
SRL1079,1,4,3,0,1,37,1,1,4
SRL1080,0,1,3,2,0,27,1,1,5
SRL1081,1,2,3,0,1,48,1,0,5
SRL1082,0,1,1,0,1,31,0,0,4
SRL1083,1,2,0,0,0,32,3,0,6
SRL1084,1,2,3,2,0,20,3,1,0
SRL1085,1,1,3,3,0,20,0,0,1
SRL1086, ,0,3,1,0,26,1,1,2
SRL1087,1,2,0,0,2,23,1,1,4
SRL1088,1,1,0,1,2,42,0,0,5
SRL1089, ,0,2,2,2,36,1,1,0
SRL1090,1,4,2,0,0,24,2,1,7
SRL1091,0,3,3,3,3,25,0,1,5
SRL1092,0,1,3,3,0,46,0,0,4
SRL1093,0,0,0,0,0,79,0,0,2
SRL1094,0,4,0,0,1,30,2,1,2
SRL1095,1,4,1,2,2,32,3,1,2
SRL1096,1,2, , ,2,27,0,0,1
SRL1097,0,1,0,0,0,67,3,0,4
SRL1098,0,3,3,3,3,42,2,1,5
SRL1099,0,3,2,2,0,36,2,1,5
SRL1100,0,1,1,1,1,29,0,0,6
SRL1101,1,1,0,0,0,28,3,2,4
SRL1102,0,1,0,0,0,25,3,2,8
SRL1103,0,3,3,0,1,24,3,2,4
SRL1104,1,3,3,1,0,55,3,2,5
SRL1105,1,2,3,3,2,26,2,1,6
SRL1106,0,1,2,0,0,52,1,1,3
SRL1107,1,1,3,0,0,53,0,0,0
SRL1108,0,1,0,0,0,32,0,0,6
SRL1109,0,3,1,1,0,41,0,1,0
SRL1110,0,4,0,0,0,38,2,1,2
SRL1111,1,0,2,2,0,26,2,0,7
SRL1112,1,2,3,2,2,60,0,0,4
SRL1113,1,2,0,0,0,28,1,2,7
SRL1114,0,1,3,2,2,30,0,0,5
SRL1115,0,3,1,1,0,45,0,1,0
SRL1116,0,0,1,0,0,30,3,2,2
SRL1117,0,2,2,2,2,29,0,0,5
SRL1118,0,1,3,0,0,30,2,2,2
SRL1119,1,4,3,1,2,22,2,1,5
SRL1120,1,1,0,0,0,22,3,1,5
SRL1121,0,0,1,0,0,39,2,0,4
SRL1122,0,0,1,1,0,27,3,1,4
SRL1123,0,1,1,0,0,37,1,1,6
SRL1124,1,0,0,0,0,50,3,2,8
SRL1125,1,1,0,0,0,21,0,1,5
SRL1126,0,3,3,3,0,25,3,2,3
SRL1127,0,4,3,1,0,42,3,2,5
SRL1128,1,3,3,2,0,22,2,1,8
SRL1129,0,2,2,2,1,30,0,0,4
SRL1130,0,3,1,1,0,35,1,1,5
SRL1131,1,4,0,0,0,22,3,1,7
SRL1132,0,3,0,0,0,56,3,1,1
SRL1133,1,1,3,3,3,38,0,1,0
SRL1134,0,3,3,1,0,59,0,0,4
SRL1135,1,1,0,0,0,42,1,1,4
SRL1136,1,3,1,0,0,20,2,1,0
SRL1137,0,4,3,2,1,55,2,2,8
SRL1138,1,2,3,2,2,32,3,2,0
SRL1139,0,1,1,1,0,40,0,0,4
SRL1140,1,1,3,1,1,20,0,1,4
SRL1141,0,0,2,0,0,29,2,1,0
SRL1142,0,0,3,0,1,60,3,1,6
SRL1143,0,2,2,2,2,34,0,0,4
SRL1144,1,1,0,0,0,45,1,2,9
SRL1145,0,1,1,0,0,99,1,1,5
SRL1146,1,1,0,0,1,50,1,0,4
SRL1147,0,1,1,1,1,44,3,0,2
SRL1148,0,2,1,1,0,41,2,0,0
SRL1149,0,1,1,1,0,54,0,1,4
SRL1150,0,0,2,0,0,42,0,0,5
SRL1151,1,4,3,3,0,25,1,1,0
SRL1152,1,3,3,2,1,37,2,1,5
SRL1153,0,1,3,2,1,49,3,2,8
SRL1154,1,1,3,0,1,37,2,1,0
SRL1155,1,1,0,1,0,32, ,2,5
SRL1156,1,2,3,3,3,44,3,2,8
SRL1157,0,3,1,1,1,52,3,1,4
SRL1158,1,3,0,0,0,38,2,2,4
SRL1159,1,1,3,3,3,28,0,0,6
SRL1160,1,1, ,0,0,33,1,2,9
SRL1161,0,1,0,0,0,52,1,0,4
SRL1162,1,2,2,1,0,53,2,2,5
SRL1163,0,2,1,1,0,54,2,1,6
SRL1164,0,4,1,1,0,36,2,1,5
SRL1165,0,1,3,3,1,19,2,0,5
SRL1166,1,3,3,3,3,20,3,2,4
SRL1167,0,1,2,0,0,69,0,1,3
SRL1168,0,1,3,2,1,47,3,2,8
SRL1169,0,1,3,2,3,38,3,2,8
SRL1170,1,1,3,2,2,40,2,1,0
SRL1171,1,1,1,1,1,22,0,0,4
SRL1172,1,1,3,3,1,55,1,1,0
SRL1173,1,3,0,0,1,62,3,2,6
SRL1174,0,4,3,2,3,36,2,1,6
SRL1175,1,1,0,0,0,27,0,0,5
SRL1176,1,2,3,0,1,61,2,2,4
SRL1177,0,1, , ,0,42,1,0,4
SRL1178,0,3,3,1,1,49,3,0,1
SRL1179,1,0,3,1,0,27,1,0,0
SRL1181,0,3,3,1,0,41,3,1,5
SRL1182,0,3,3,3,3,48,2,2,0
SRL1183,0,4,3,2,1,28,2,1,5
SRL1184,1,3,3,2,2,35,3,2,9
SRL1185,0,0,2,0,1,36,3,0,4
SRL1186,0,0,2,0,0,27,1,0,4
SRL1187,0,3,3,3,3,40,3,0,6
SRL1188,0,3,3,1,3,29,3,0,0
SRL1189,0,4,3,3,3,48,0,0,5
SRL1190,1,1,3,3,1,32,3,1,4
SRL1191,1,1,3,2,2,28,1,1,9
SRL1192,0,1,3,2,2,38,2,1,7
SRL1193,0,3,2,2,2,30,3,1,8
SRL1194,1,1,1,0,0,28,2,1,5
SRL1195,0,1,1,0,0,23,3,2,7
SRL1196,0,1,1,1,1,26,0,0,6
SRL1197,1,3,3,1,1,48,2,1,6
SRL1198,1,1,3,0,1,52,2,1,0
SRL1199,0,2,1,1,0,47,0,0,5
SRL1200,1,1,3,1,1,34,0,1,8
