RESPNO,Age,InterestPublicAffairs,DiscussPolitics,InformalPP,FormalPP,TrustPresident,TrustParliament,TrustJudiciary,Education
SRL0001,55,3,2,3,1,3,3,1,6
SRL0002,34,1,0,3,0,1,1,0,2
SRL0003,27,0,0,4,0,1,1,2,4
SRL0004,36,0,0,1,1,2,0,9,0
SRL0005,78,3,0,4,0,1,1,0,0
SRL0006,25,3,1,1,0,2,2,0,0
SRL0007,35,9,9,1,0,9,9,9,0
SRL0008,29,2,1,2,1,9,2,1,0
SRL0009,42,2,1,4,1,3,3,3,5
SRL0010,40,0,0,0,0,3,0,9,0
SRL0011,53,0,0,9,0,0,9,2,0
SRL0012,36,3,0,4,1,2,0,0,4
SRL0013,31,3,0,4,0,2,0,1,5
SRL0014,37,3,1,4,0,2,1,1,5
SRL0015,47,9,9,9,0,2,9,9,0
SRL0016,34,3,1,3,0,2,2,9,1
SRL0017,52,0,2,1,0,3,0,3,4
SRL0018,30,0,0,3,0,3,3,3,3
SRL0019,47,0,1,4,1,3,0,0,4
SRL0020,28,1,1,3,1,0,0,0,5
SRL0021,23,3,0,1,1,2,1,1,4
SRL0022,65,9,9,4,1,9,2,1,0
SRL0023,46,9,9,3,1,0,0,2,0
SRL0024,45,9,9,9,1,2,9,9,0
SRL0025,45,3,2,2,1,3,3,3,5
SRL0026,31,1,1,0,0,3,3,3,0
SRL0027,31,0,0,0,1,0,0,9,0
SRL0028,62,3,2,3,1,0,0,0,4
SRL0029,32,0,0,1,0,2,2,9,0
SRL0030,40,1,0,3,0,1,1,0,4
SRL0031,41,0,0,3,0,0,1,1,0
SRL0032,35,9,9,0,0,0,9,3,0
SRL0033,40,1,0,4,1,3,3,3,0
SRL0034,25,1,1,4,0,3,0,3,0
SRL0035,22,9,0,3,0,1,9,9,0
SRL0036,31,2,1,4,0,9,9,9,0
SRL0037,35,0,0,3,0,2,1,1,0
SRL0038,55,3,0,4,0,1,0,2,5
SRL0039,55,9,9,9,9,1,0,9,0
SRL0040,54,3,1,3,0,2,9,9,0
SRL0041,48,0,0,2,0,2,1,2,5
SRL0042,36,3,2,4,0,3,3,3,4
SRL0043,29,0,0,1,0,1,0,9,0
SRL0044,34,0,0,0,0,1,1,2,5
SRL0045,37,0,1,4,0,1,0,0,4
SRL0046,75,3,1,4,1,1,1,0,3
SRL0047,37,3,1,4,0,0,0,1,4
SRL0048,36,9,9,9,1,1,9,9,2
SRL0049,25,3,2,1,1,3,1,3,2
SRL0050,20,0,0,1,0,3,3,3,4
SRL0051,999,0,1,4,1,1,0,0,0
SRL0052,999,0,0,4,0,1,0,9,0
SRL0053,30,3,1,4,1,1,0,2,5
SRL0054,34,3,0,1,0,2,2,1,4
SRL0055,39,9,9,1,1,9,9,9,0
SRL0056,25,0,0,4,0,1,9,9,4
SRL0057,42,2,1,4,1,3,1,1,0
SRL0058,45,2,1,4,0,3,3,3,1
SRL0059,999,0,0,4,0,2,0,3,0
SRL0060,19,2,1,4,0,1,9,9,4
SRL0061,90,3,0,4,0,2,2,2,0
SRL0062,20,2,9,2,0,1,1,1,2
SRL0063,56,9,0,1,0,9,9,9,0
SRL0064,34,9,9,2,0,1,9,9,0
SRL0065,45,2,1,2,0,3,9,3,0
SRL0066,42,3,2,4,1,3,3,3,5
SRL0067,38,1,1,4,1,0,0,0,0
SRL0068,24,0,0,4,1,9,9,9,2
SRL0069,34,3,0,4,0,1,1,1,0
SRL0070,45,3,0,0,0,2,2,1,4
SRL0071,61,9,9,2,0,1,9,1,2
SRL0072,31,9,9,2,0,1,9,9,2
SRL0073,46,0,0,1,0,0,0,0,0
SRL0074,50,3,0,4,0,1,0,0,0
SRL0075,41,0,0,4,1,1,0,0,1
SRL0076,47,0,1,4,1,1,0,0,0
SRL0077,34,3,1,4,0,3,1,2,4
SRL0078,33,3,0,4,0,2,1,1,2
SRL0079,51,9,9,2,0,9,9,9,0
SRL0080,41,9,9,1,0,2,9,9,2
SRL0081,54,3,2,3,1,3,1,1,5
SRL0082,29,0,0,0,0,3,1,9,0
SRL0083,36,0,0,3,1,9,9,9,0
SRL0084,33,2,1,4,0,2,0,0,0
SRL0085,40,3,1,1,0,2,2,1,0
SRL0086,23,3,2,3,1,2,1,1,0
SRL0087,48,1,1,4,1,2,2,9,2
SRL0088,31,2,1,3,0,1,0,9,0
SRL0089,47,2,1,1,0,1,1,1,3
SRL0090,27,0,0,0,0,3,1,9,2
SRL0091,28,0,0,2,0,0,0,0,0
SRL0092,39,2,1,3,0,2,0,0,4
SRL0093,40,3,0,4,0,2,1,1,3
SRL0094,60,2,1,0,0,1,2,1,0
SRL0095,23,9,9,4,0,1,9,3,4
SRL0096,72,9,9,2,0,9,9,9,0
SRL0097,21,2,1,1,0,3,3,1,4
SRL0098,67,0,2,3,1,2,1,2,6
SRL0099,27,0,0,1,0,1,0,0,4
SRL0100,31,2,2,1,0,0,0,0,3
SRL0101,66,3,2,3,1,2,1,2,0
SRL0102,39,1,1,4,1,0,0,2,0
SRL0103,45,9,9,4,1,1,0,9,2
SRL0104,46,2,1,4,0,9,9,9,2
SRL0105,27,9,9,2,1,1,0,1,2
SRL0106,26,0,0,4,0,1,0,9,0
SRL0107,32,3,2,3,1,2,1,2,6
SRL0108,20,0,1,3,0,0,2,1,0
SRL0109,35,2,1,4,1,1,0,2,3
SRL0110,25,3,1,2,0,3,3,0,4
SRL0111,75,2,1,4,0,3,3,3,5
SRL0112,18,0,9,1,0,2,2,2,4
SRL0113,30,2,1,3,0,3,3,3,0
SRL0114,37,0,0,1,0,3,0,9,0
SRL0115,60,1,1,4,1,2,2,9,0
SRL0116,33,0,0,1,0,2,1,9,0
SRL0117,46,1,1,3,1,2,1,1,0
SRL0118,28,1,1,4,0,0,0,0,1
SRL0119,45,9,9,1,1,2,0,2,0
SRL0120,42,1,0,3,0,2,0,2,6
SRL0121,20,0,9,2,0,3,3,9,0
SRL0122,55,3,1,4,0,3,0,3,1
SRL0123,76,2,0,4,1,0,0,0,1
SRL0124,30,0,0,4,1,2,0,0,0
SRL0125,45,3,0,2,1,1,1,0,0
SRL0126,45,0,0,4,1,2,1,2,0
SRL0127,55,1,1,3,0,2,1,9,0
SRL0128,35,9,9,3,1,1,0,2,4
SRL0129,81,2,1,3,0,2,2,2,0
SRL0130,26,3,0,3,1,9,9,9,0
SRL0131,51,1,1,4,1,0,0,0,0
SRL0132,65,2,1,4,1,0,0,2,0
SRL0133,50,2,0,4,1,2,1,2,3
SRL0134,42,9,9,3,0,2,2,2,0
SRL0135,20,1,1,1,1,1,0,9,0
SRL0136,23,2,1,3,0,2,0,1,5
SRL0137,27,1,1,3,0,2,2,9,4
SRL0138,52,2,1,1,0,3,3,1,0
SRL0139,68,0,0,0,0,3,1,0,0
SRL0140,47,3,2,4,1,1,0,0,3
SRL0141,20,0,0,4,0,9,9,9,4
SRL0142,19,3,0,3,0,3,3,3,4
SRL0143,63,3,1,4,0,3,1,2,6
SRL0144,23,9,9,4,1,1,1,9,3
SRL0145,42,9,9,3,0,1,1,1,0
SRL0146,28,1,1,3,0,3,3,1,0
SRL0147,26,2,1,4,1,9,9,9,0
SRL0148,30,1,1,0,1,9,9,9,0
SRL0149,45,3,1,4,1,2,2,2,5
SRL0150,31,0,0,3,0,2,1,2,5
SRL0151,29,9,9,1,1,1,0,9,0
SRL0152,40,9,9,4,1,2,1,9,0
SRL0153,20,0,0,3,0,1,1,2,99
SRL0154,42,0,0,2,0,1,1,2,99
SRL0155,26,0,0,3,1,0,0,0,5
SRL0156,41,1,1,3,0,0,0,0,3
SRL0157,23,3,1,3,0,9,9,9,99
SRL0158,38,2,1,3,0,2,2,2,4
SRL0159,54,0,0,3,0,2,2,9,0
SRL0160,34,0,0,3,1,1,1,9,0
SRL0161,45,3,0,4,1,2,1,1,3
SRL0162,55,0,0,3,0,2,1,2,0
SRL0163,42,1,1,4,0,0,0,0,5
SRL0164,31,0,0,1,0,1,0,9,0
SRL0165,52,3,0,4,0,2,2,2,2
SRL0166,80,0,0,3,0,2,1,2,1
SRL0167,35,2,0,4,1,0,0,9,3
SRL0168,61,9,9,2,0,9,9,9,0
SRL0169,37,0,0,1,1,3,9,9,0
SRL0170,33,1,1,3,0,3,2,1,2
SRL0171,20,0,1,3,1,1,0,9,2
SRL0172,99,1,0,4,0,2,0,1,4
SRL0173,25,3,0,4,0,2,2,1,5
SRL0174,58,2,0,4,0,2,2,1,0
SRL0175,999,0,0,3,1,2,0,9,5
SRL0176,35,0,0,1,1,9,9,9,2
SRL0177,43,3,2,4,1,3,3,3,5
SRL0178,80,1,1,3,0,3,3,2,0
SRL0179,41,0,1,4,1,1,0,9,1
SRL0180,31,0,0,4,1,0,0,0,0
SRL0181,50,3,1,4,0,1,1,2,4
SRL0182,38,2,1,1,0,9,9,9,4
SRL0183,30,1,1,4,1,0,0,9,0
SRL0184,40,0,0,4,1,9,9,9,0
SRL0185,20,1,0,3,0,3,3,1,5
SRL0186,22,0,1,1,0,3,9,3,4
SRL0187,36,0,0,3,0,2,0,0,6
SRL0188,31,0,1,1,0,2,0,9,6
SRL0189,35,2,1,3,1,2,2,2,0
SRL0190,37,3,0,4,0,9,9,9,2
SRL0191,20,0,0,4,1,2,1,1,5
SRL0192,19,9,9,4,0,2,9,9,4
SRL0193,37,0,0,1,0,3,9,9,0
SRL0194,28,3,2,0,0,3,3,3,8
SRL0195,23,2,1,3,1,1,0,0,4
SRL0196,65,1,1,4,0,1,0,9,0
SRL0197,20,0,1,3,0,1,9,9,4
SRL0198,22,0,0,1,0,9,9,9,1
SRL0199,21,9,9,3,1,2,9,9,4
SRL0200,29,2,1,3,1,2,0,9,6
SRL0201,22,0,0,1,0,3,9,9,0
SRL0202,52,2,1,4,1,3,3,3,3
SRL0203,35,1,0,4,1,0,0,0,0
SRL0204,40,1,1,4,1,1,0,0,0
SRL0205,53,3,2,1,1,2,2,2,3
SRL0206,80,3,1,3,1,1,0,0,2
SRL0207,47,9,9,4,1,2,2,2,0
SRL0208,61,2,9,4,0,2,2,1,4
SRL0209,40,3,2,3,1,3,3,1,4
SRL0210,25,2,1,1,0,3,1,0,0
SRL0211,44,1,1,4,1,0,0,0,1
SRL0212,24,0,0,3,1,0,0,9,0
SRL0213,73,3,2,4,1,2,0,1,3
SRL0214,20,3,1,2,1,1,1,2,0
SRL0215,47,0,9,3,0,9,9,9,0
SRL0216,37,1,1,4,1,2,1,9,2
SRL0217,44,1,1,4,0,3,1,1,1
SRL0218,31,9,9,1,0,9,9,9,0
SRL0219,26,0,0,4,0,0,0,2,4
SRL0220,55,1,1,4,0,0,0,0,0
SRL0221,80,2,0,3,0,9,9,9,0
SRL0222,45,3,1,4,0,2,2,1,0
SRL0223,55,2,1,4,1,2,1,9,0
SRL0224,35,2,1,3,0,2,0,9,0
SRL0225,26,3,2,1,0,3,3,3,8
SRL0226,26,0,0,1,0,9,9,9,0
SRL0227,25,0,1,1,1,2,9,9,5
SRL0228,38,0,0,1,0,1,0,0,5
SRL0229,38,0,1,1,1,9,9,9,5
SRL0230,35,0,1,1,1,2,2,0,4
SRL0231,44,2,0,3,1,2,2,2,2
SRL0232,51,2,1,3,0,1,0,9,2
SRL0233,32,3,1,1,0,3,3,3,6
SRL0234,49,0,1,1,0,3,3,3,8
SRL0235,29,1,0,1,0,2,1,0,6
SRL0236,22,0,1,1,1,0,0,0,4
SRL0237,39,1,1,4,1,1,0,0,6
SRL0238,20,3,1,3,1,1,0,0,0
SRL0239,43,9,9,3,1,1,0,9,4
SRL0240,40,2,1,1,1,2,2,2,4
SRL0241,33,1,1,1,0,3,3,2,6
SRL0242,48,0,0,1,0,3,0,0,0
SRL0243,35,0,1,1,0,0,0,0,5
SRL0244,43,0,0,3,0,9,9,9,4
SRL0245,19,0,0,1,1,9,9,9,4
SRL0246,22,0,0,2,1,0,0,0,4
SRL0247,32,1,0,3,1,2,1,2,3
SRL0248,41,9,9,1,0,1,1,1,3
SRL0249,60,3,2,9,9,9,9,9,5
SRL0250,28,1,1,1,0,3,3,3,6
SRL0251,73,2,1,4,1,1,0,0,1
SRL0252,32,0,0,1,0,9,9,9,5
SRL0253,41,3,1,1,0,2,0,0,6
SRL0254,19,3,1,2,0,3,3,3,4
SRL0255,39,3,2,4,1,2,1,2,8
SRL0256,65,9,9,2,0,9,9,9,0
SRL0257,19,0,0,1,0,2,0,0,4
SRL0258,26,2,1,1,0,3,3,3,5
SRL0259,35,1,1,4,1,0,0,2,1
SRL0260,27,0,1,4,1,2,2,2,0
SRL0261,75,2,1,1,0,3,3,3,0
SRL0262,38,3,0,4,1,9,9,9,5
SRL0263,30,9,9,1,1,9,9,9,0
SRL0264,19,9,9,1,0,9,9,9,4
SRL0265,31,2,1,1,0,2,2,2,6
SRL0266,50,3,1,3,0,2,1,1,0
SRL0267,39,1,1,1,1,1,0,1,4
SRL0268,31,0,1,4,1,0,0,0,0
SRL0269,28,0,0,3,1,3,1,0,0
SRL0270,40,3,2,4,0,3,3,1,4
SRL0271,45,9,9,3,1,2,0,9,0
SRL0272,48,3,2,4,1,1,1,1,6
SRL0273,25,0,0,1,1,3,3,0,0
SRL0274,54,3,2,4,1,3,3,3,6
SRL0275,21,0,1,3,0,1,0,1,4
SRL0276,25,2,1,3,0,0,0,0,5
SRL0277,41,3,1,4,0,0,0,9,1
SRL0278,47,2,1,2,0,3,3,3,6
SRL0279,25,0,0,1,1,9,9,9,3
SRL0280,27,9,9,3,1,2,1,2,6
SRL0281,58,3,1,4,1,9,9,2,2
SRL0282,28,0,0,3,0,9,9,9,0
SRL0283,21,0,1,1,1,2,0,9,4
SRL0284,19,0,0,3,1,2,9,9,0
SRL0285,27,1,1,3,0,3,3,3,4
SRL0286,45,1,1,3,0,3,0,0,1
SRL0287,64,2,1,3,0,1,0,9,0
SRL0288,49,9,9,4,1,2,1,9,3
SRL0289,36,2,1,1,0,3,3,3,6
SRL0290,22,0,0,1,0,9,9,9,0
SRL0291,23,2,9,3,1,2,2,1,4
SRL0293,42,3,2,4,1,1,1,1,2
SRL0294,46,2,1,4,0,0,0,9,0
SRL0295,38,3,0,3,1,2,2,2,4
SRL0296,46,1,1,3,0,2,1,1,2
SRL0297,48,1,1,4,0,2,0,0,4
SRL0298,34,1,1,1,1,3,0,0,1
SRL0299,43,2,1,3,1,3,2,2,0
SRL0300,42,1,1,2,0,1,0,0,0
SRL0302,67,0,0,4,0,9,9,9,0
SRL0303,37,2,1,4,1,2,2,2,3
SRL0305,42,1,0,1,0,2,2,1,0
SRL0306,29,3,1,3,0,3,2,2,0
SRL0307,64,3,0,3,0,1,3,0,0
SRL0308,32,3,0,3,0,1,1,0,6
SRL0309,62,3,1,4,1,3,3,3,0
SRL0310,44,0,0,3,1,0,0,0,2
SRL0311,39,3,2,3,0,1,0,0,4
SRL0312,60,0,0,3,0,3,1,0,4
SRL0313,31,2,0,1,0,2,0,0,0
SRL0314,35,3,0,1,0,0,0,0,0
SRL0315,36,2,2,3,1,3,2,0,0
SRL0316,41,2,1,3,0,2,1,1,0
SRL0317,47,0,0,3,0,3,1,1,0
SRL0318,45,0,0,4,1,3,1,3,0
SRL0319,38,0,0,3,0,3,9,9,0
SRL0320,30,3,2,3,1,3,1,3,4
SRL0321,50,0,2,3,0,3,3,3,1
SRL0322,35,3,2,1,1,3,0,1,0
SRL0323,81,3,1,3,0,2,2,2,0
SRL0324,47,3,1,1,1,2,1,0,0
SRL0325,50,3,1,3,1,3,0,2,0
SRL0326,55,0,0,1,1,3,2,1,0
SRL0327,68,0,0,4,0,1,1,1,0
SRL0328,36,3,1,4,1,1,1,1,0
SRL0329,81,1,1,2,0,1,1,1,0
SRL0330,48,3,1,3,1,0,0,0,0
SRL0331,64,3,0,3,0,0,0,0,0
SRL0332,34,2,1,3,1,2,2,1,0
SRL0333,40,3,1,3,0,3,1,0,0
SRL0334,42,3,2,1,0,0,0,0,1
SRL0335,60,3,0,3,0,3,0,3,1
SRL0336,24,0,2,3,0,1,0,0,2
SRL0337,24,2,1,3,0,2,2,2,2
SRL0338,41,2,1,3,1,2,1,2,0
SRL0339,68,0,0,3,0,1,1,1,0
SRL0340,55,1,1,4,0,3,3,2,0
SRL0341,29,3,1,1,1,3,3,9,4
SRL0342,90,3,2,3,0,3,3,3,0
SRL0343,40,0,0,3,1,0,0,0,0
SRL0344,54,3,1,3,0,1,1,2,3
SRL0345,54,1,1,4,0,2,1,1,6
SRL0346,45,0,2,3,0,0,0,0,2
SRL0347,65,2,1,3,1,3,2,3,0
SRL0348,30,3,2,1,0,3,3,1,0
SRL0349,72,0,0,3,0,3,0,0,2
SRL0350,42,3,1,3,0,2,0,0,1
SRL0351,18,3,2,3,0,2,2,2,0
SRL0352,80,0,0,4,0,1,1,1,0
SRL0353,45,3,0,3,0,2,0,0,0
SRL0354,55,3,0,3,0,3,2,9,1
SRL0355,30,0,0,1,0,2,0,0,0
SRL0356,30,3,0,3,0,1,2,1,6
SRL0357,41,2,1,2,1,0,0,2,0
SRL0358,40,2,1,3,1,1,0,2,0
SRL0359,57,3,1,4,1,3,3,2,0
SRL0360,40,2,1,4,0,3,1,1,0
SRL0361,39,1,1,1,0,2,2,1,0
SRL0362,75,3,1,3,0,2,2,2,1
SRL0363,21,1,1,2,1,3,2,0,4
SRL0364,30,3,2,3,1,3,2,1,0
SRL0365,70,0,0,3,0,1,1,1,0
SRL0366,45,3,1,4,1,3,1,1,0
SRL0367,47,3,2,3,0,3,1,0,0
SRL0368,25,0,0,3,0,1,9,9,2
SRL0369,40,0,0,3,0,3,1,0,6
SRL0370,36,1,0,3,1,1,1,2,4
SRL0371,85,3,1,3,1,3,0,1,0
SRL0372,50,2,1,3,1,1,2,0,1
SRL0373,70,2,1,3,0,3,3,2,0
SRL0374,45,0,0,4,1,3,1,1,0
SRL0375,40,3,2,3,1,0,0,0,2
SRL0376,72,0,0,3,0,2,0,0,1
SRL0377,45,0,0,3,0,9,0,2,0
SRL0378,36,0,0,2,1,3,2,0,5
SRL0379,75,3,2,3,0,0,0,0,0
SRL0380,50,3,2,4,1,3,2,2,0
SRL0381,37,1,1,4,1,0,0,0,0
SRL0382,50,3,2,3,1,0,0,3,0
SRL0383,38,3,2,3,1,1,0,0,0
SRL0384,67,3,1,2,0,2,2,0,1
SRL0385,54,1,0,2,0,2,2,2,0
SRL0386,68,3,2,3,1,3,3,2,4
SRL0387,23,3,1,1,1,3,3,1,4
SRL0388,38,0,0,1,1,3,2,0,2
SRL0389,55,0,0,3,1,2,2,2,0
SRL0390,79,0,0,3,0,3,3,1,0
SRL0391,46,3,2,3,0,3,0,3,5
SRL0392,45,3,2,3,0,3,9,0,0
SRL0393,44,9,9,3,0,3,3,3,0
SRL0394,55,0,0,3,0,3,2,3,0
SRL0395,55,9,9,3,1,3,1,0,0
SRL0396,82,0,0,3,1,0,0,0,0
SRL0397,45,0,0,4,0,3,2,2,2
SRL0398,72,0,9,4,0,3,1,2,0
SRL0399,50,3,0,3,0,0,0,0,4
SRL0400,52,0,0,1,0,3,0,0,0
SRL0401,70,3,2,2,0,3,1,2,1
SRL0402,52,2,1,3,1,2,1,2,0
SRL0403,35,3,2,3,1,1,2,0,5
SRL0404,28,1,0,2,0,3,2,1,0
SRL0405,38,0,0,2,0,3,2,1,2
SRL0406,62,3,1,3,1,3,1,1,2
SRL0407,55,0,0,2,0,3,0,1,0
SRL0408,45,3,2,3,0,3,1,1,4
SRL0409,43,3,2,3,0,3,0,0,0
SRL0410,33,2,1,3,0,0,0,0,2
SRL0411,46,3,1,3,0,1,0,1,4
SRL0412,26,3,2,3,1,3,2,0,4
SRL0413,32,0,0,4,0,3,2,2,0
SRL0414,54,0,0,4,0,3,3,2,4
SRL0415,26,0,0,2,0,3,0,0,0
SRL0416,31,2,1,3,1,2,1,0,0
SRL0417,36,2,1,3,1,1,0,0,3
SRL0418,27,2,1,3,1,2,1,2,3
SRL0419,26,3,2,3,1,3,2,3,0
SRL0420,42,3,1,3,1,3,2,0,0
SRL0421,72,0,0,3,1,3,3,3,1
SRL0422,55,1,1,4,0,3,2,2,0
SRL0423,32,1,9,0,0,0,0,2,0
SRL0424,45,0,1,3,0,3,0,3,0
SRL0425,21,3,1,1,0,3,3,0,4
SRL0426,25,2,2,4,9,9,9,9,5
SRL0427,31,1,1,1,0,3,2,0,4
SRL0428,27,0,0,1,1,3,1,1,7
SRL0429,57,3,2,2,1,2,1,3,8
SRL0430,55,0,9,4,1,3,2,2,0
SRL0431,40,3,2,3,0,3,1,1,5
SRL0432,40,3,2,3,1,3,1,1,7
SRL0433,36,2,1,3,0,2,0,0,4
SRL0434,20,2,1,1,0,1,2,1,4
SRL0435,22,9,0,1,0,9,0,1,0
SRL0436,33,3,1,2,0,1,2,0,0
SRL0437,58,0,0,4,0,3,1,1,1
SRL0438,46,1,1,4,0,2,2,2,6
SRL0439,55,1,1,3,0,1,1,0,1
SRL0440,40,0,0,3,0,1,1,0,1
SRL0441,34,2,1,1,0,0,1,1,2
SRL0442,21,2,1,1,0,0,1,2,0
SRL0443,25,3,1,3,1,3,1,0,0
SRL0444,41,3,1,3,1,3,2,0,6
SRL0445,63,1,1,4,0,3,2,2,4
SRL0446,53,1,1,4,0,3,2,2,5
SRL0447,59,3,2,3,1,3,1,0,1
SRL0448,38,3,2,3,0,3,0,0,0
SRL0449,19,0,1,1,1,2,1,1,4
SRL0450,31,2,1,3,0,2,1,1,0
SRL0451,23,3,1,3,0,2,1,1,5
SRL0452,20,3,1,3,1,3,2,2,0
SRL0453,46,2,1,4,0,3,2,2,4
SRL0454,39,1,1,4,0,3,3,2,1
SRL0455,62,3,2,3,0,3,1,0,0
SRL0456,30,3,2,3,0,3,1,1,0
SRL0457,24,1,1,1,1,3,2,2,0
SRL0458,48,1,1,3,0,0,0,1,0
SRL0459,48,3,2,1,1,1,1,1,0
SRL0460,21,2,0,1,1,3,2,0,4
SRL0461,49,0,0,4,0,3,2,1,1
SRL0462,39,3,2,4,1,3,3,2,6
SRL0463,52,0,0,3,0,3,1,0,3
SRL0464,45,3,2,4,0,3,1,0,0
SRL0465,22,2,2,3,1,3,0,1,4
SRL0466,31,2,2,3,1,3,2,0,1
SRL0467,50,3,1,1,1,3,2,1,0
SRL0468,50,3,2,3,0,3,1,1,1
SRL0469,35,1,0,4,1,3,1,1,0
SRL0470,40,0,0,4,1,3,2,2,0
SRL0471,54,3,0,3,0,3,0,3,5
SRL0472,46,1,0,3,0,3,1,0,0
SRL0473,21,1,0,1,0,0,0,0,0
SRL0474,38,2,1,3,1,2,2,1,4
SRL0475,32,0,0,1,1,3,2,0,0
SRL0476,19,3,0,2,1,3,2,0,4
SRL0477,52,0,0,4,0,3,3,3,0
SRL0478,52,0,1,3,0,3,2,1,3
SRL0479,42,3,2,3,0,3,1,1,1
SRL0480,33,2,0,2,0,3,0,0,1
SRL0481,29,2,1,1,1,3,2,1,0
SRL0482,31,0,0,1,0,0,0,1,0
SRL0483,63,2,2,1,1,2,1,0,5
SRL0484,18,3,2,3,0,3,2,1,4
SRL0485,64,1,1,4,0,3,1,3,2
SRL0486,74,1,1,4,0,3,2,2,4
SRL0487,44,0,0,3,0,3,0,0,0
SRL0488,50,0,0,3,0,3,1,0,0
SRL0489,45,3,0,4,0,3,3,2,0
SRL0490,25,3,1,2,0,2,2,0,4
SRL0491,22,2,1,3,0,3,2,0,4
SRL0492,37,3,1,3,0,3,1,1,0
SRL0493,23,3,2,3,0,1,1,1,4
SRL0494,25,3,2,4,0,3,2,2,0
SRL0495,45,1,1,4,1,3,2,2,4
SRL0496,24,0,0,4,1,3,2,2,7
SRL0497,31,2,1,1,1,3,2,2,3
SRL0498,21,0,0,1,1,3,3,2,0
SRL0499,26,3,1,3,1,2,1,0,0
SRL0500,40,3,2,3,1,3,2,1,6
SRL0501,50,2,1,4,0,3,2,2,0
SRL0502,70,0,0,4,0,2,2,2,0
SRL0503,30,3,0,3,1,3,3,0,0
SRL0504,40,3,2,3,1,1,1,1,4
SRL0505,27,2,1,2,1,3,2,1,0
SRL0506,29,2,1,3,1,3,2,2,3
SRL0507,45,3,0,1,1,3,2,0,0
SRL0508,22,3,2,3,1,3,2,2,6
SRL0509,55,1,1,4,0,3,2,2,3
SRL0510,71,0,0,4,0,3,2,2,0
SRL0511,29,3,0,3,0,3,1,0,0
SRL0512,63,3,0,3,1,1,0,1,0
SRL0513,21,2,1,2,0,1,0,0,0
SRL0514,23,0,1,1,1,0,0,1,0
SRL0515,40,3,1,3,1,3,2,0,0
SRL0516,22,1,0,1,0,3,2,1,6
SRL0517,49,1,1,4,0,3,2,2,7
SRL0518,53,0,0,4,1,3,2,2,3
SRL0519,53,0,0,3,0,3,0,0,0
SRL0520,49,3,0,3,1,3,1,1,0
SRL0521,80,0,0,3,1,3,1,3,4
SRL0522,49,3,0,3,1,3,1,1,2
SRL0523,29,0,1,3,0,2,1,1,0
SRL0524,19,0,1,1,0,0,0,0,0
SRL0525,19,0,0,1,0,2,1,0,0
SRL0526,33,2,1,2,1,3,2,0,6
SRL0527,45,0,0,4,0,2,2,2,0
SRL0528,65,0,0,4,0,2,2,2,0
SRL0529,23,2,1,1,1,3,2,2,3
SRL0530,32,2,1,2,0,2,1,1,3
SRL0531,42,0,0,3,0,1,1,0,0
SRL0532,36,0,0,3,1,3,1,0,0
SRL0533,35,3,1,3,0,3,2,0,0
SRL0534,38,2,1,3,0,0,0,1,4
SRL0535,75,0,0,4,0,3,2,2,0
SRL0536,33,0,0,4,0,3,2,2,1
SRL0537,45,3,2,3,1,3,1,0,0
SRL0538,39,3,0,3,0,0,0,0,2
SRL0539,31,3,2,3,1,3,2,0,0
SRL0540,40,3,0,3,1,3,1,1,3
SRL0541,43,0,0,4,0,3,2,2,1
SRL0542,55,0,0,4,0,2,2,2,2
SRL0543,19,0,1,1,0,2,1,1,3
SRL0544,24,2,1,1,1,3,2,2,0
SRL0545,44,3,2,3,1,3,1,1,3
SRL0546,19,2,1,1,0,0,0,2,0
SRL0547,25,3,1,3,1,3,3,3,4
SRL0548,85,3,0,3,0,3,2,3,0
SRL0549,42,0,0,4,1,3,2,2,0
SRL0550,50,2,1,4,1,1,1,2,2
SRL0551,38,3,2,3,0,1,0,3,6
SRL0552,25,0,0,3,1,0,0,1,0
SRL0553,20,2,2,3,1,3,2,1,5
SRL0554,48,0,2,2,0,0,0,0,5
SRL0555,43,0,2,3,0,3,1,2,1
SRL0556,54,3,1,3,1,3,0,3,3
SRL0557,35,0,0,1,0,2,2,0,0
SRL0558,44,3,2,3,0,1,1,3,1
SRL0559,60,2,1,2,0,3,2,2,0
SRL0560,40,1,0,3,0,3,2,2,7
SRL0561,26,2,1,1,1,2,2,2,0
SRL0562,38,2,1,3,1,2,1,1,0
SRL0563,37,1,1,9,9,0,0,0,3
SRL0564,20,0,9,9,9,0,0,9,2
SRL0565,47,0,0,2,0,2,2,2,0
SRL0566,50,0,0,1,0,3,2,2,1
SRL0567,75,0,0,9,0,0,0,0,0
SRL0568,29,0,2,3,1,1,1,2,9
SRL0569,27,2,0,1,1,2,1,3,0
SRL0570,32,2,1,3,1,3,2,1,0
SRL0571,51,3,0,3,0,3,1,1,2
SRL0572,35,3,2,3,0,3,0,3,2
SRL0573,25,2,1,3,0,3,1,1,2
SRL0574,31,3,1,2,1,3,2,3,0
SRL0575,60,0,0,4,0,3,1,3,0
SRL0576,72,2,1,3,0,3,3,3,3
SRL0577,29,3,2,3,1,0,0,0,5
SRL0578,31,2,1,2,1,1,2,1,5
SRL0579,18,0,0,1,0,1,1,0,6
SRL0580,45,0,0,1,0,1,2,3,9
SRL0581,42,1,1,2,1,1,2,3,6
SRL0582,68,2,2,3,1,2,2,1,7
SRL0583,30,0,0,9,9,1,1,1,2
SRL0584,21,0,2,2,1,3,1,3,7
SRL0585,22,2,1,1,1,3,2,1,4
SRL0586,25,3,2,1,1,3,1,1,4
SRL0587,44,3,2,3,1,3,1,0,5
SRL0588,32,3,2,3,1,3,1,0,5
SRL0589,54,1,1,4,0,3,2,2,3
SRL0590,26,3,2,4,0,3,2,2,5
SRL0591,34,3,2,3,1,3,2,2,7
SRL0592,37,3,2,2,1,3,2,2,4
SRL0593,35,2,1,3,1,3,2,0,6
SRL0594,51,3,1,3,1,3,0,0,6
SRL0595,28,0,0,3,1,1,1,0,4
SRL0596,43,3,1,3,1,1,2,0,2
SRL0597,51,1,0,3,0,1,1,1,0
SRL0598,59,0,0,3,0,1,1,1,0
SRL0599,48,3,2,3,0,3,1,0,4
SRL0600,41,0,0,1,0,3,1,0,0
SRL0601,40,3,2,1,0,1,9,9,0
SRL0602,45,0,0,3,0,0,0,2,4
SRL0603,48,0,0,3,0,3,3,0,1
SRL0604,42,0,0,2,0,2,2,2,4
SRL0605,45,0,0,3,1,3,3,3,1
SRL0606,24,3,0,2,1,3,9,0,0
SRL0607,20,0,0,0,0,2,0,9,0
SRL0608,42,3,1,3,0,3,3,9,1
SRL0609,33,2,1,1,0,1,0,0,2
SRL0610,49,3,1,4,0,0,0,3,0
SRL0611,47,2,1,4,1,1,2,2,4
SRL0612,18,0,0,2,0,1,2,3,4
SRL0613,46,1,1,0,1,2,2,2,0
SRL0614,45,0,0,0,0,0,0,0,0
SRL0615,50,2,1,0,0,0,0,0,0
SRL0616,42,0,0,3,0,3,0,0,2
SRL0617,45,1,0,1,0,2,0,0,0
SRL0618,30,2,1,2,0,2,0,1,0
SRL0619,33,0,0,0,1,3,0,0,4
SRL0620,38,0,0,0,0,1,1,3,0
SRL0621,26,0,0,3,0,3,3,3,0
SRL0622,29,1,0,4,1,3,1,3,4
SRL0623,39,0,0,0,0,3,0,0,2
SRL0624,56,2,1,0,0,0,0,2,0
SRL0625,35,1,0,4,0,2,2,0,0
SRL0626,31,3,1,1,0,1,0,1,0
SRL0627,27,1,1,3,1,2,2,2,4
SRL0628,45,2,1,4,0,0,0,3,2
SRL0629,36,3,0,2,0,1,0,9,0
SRL0630,65,1,1,4,1,9,9,2,0
SRL0631,36,0,0,0,0,2,0,0,6
SRL0632,21,0,0,1,1,2,2,2,0
SRL0633,25,0,0,3,0,0,0,2,0
SRL0634,34,2,2,3,1,2,0,1,4
SRL0635,33,1,0,1,0,1,2,9,0
SRL0636,53,3,2,2,1,3,3,3,5
SRL0637,29,2,0,0,0,0,0,1,0
SRL0638,21,1,0,0,1,0,1,3,4
SRL0639,20,3,0,2,0,2,3,3,0
SRL0640,27,3,2,2,0,2,3,0,4
SRL0641,43,0,0,3,0,1,3,1,1
SRL0642,19,1,1,2,1,1,3,3,4
SRL0643,62,0,0,1,0,0,1,1,0
SRL0644,34,1,1,4,0,0,3,3,0
SRL0645,40,1,0,1,0,1,0,0,0
SRL0646,42,3,1,1,0,1,0,1,5
SRL0647,30,3,0,1,0,1,0,0,2
SRL0648,23,2,1,1,0,0,0,0,6
SRL0649,45,2,1,3,1,0,0,3,6
SRL0650,46,3,1,2,0,3,3,3,6
SRL0651,39,1,0,3,0,1,2,1,0
SRL0652,30,1,0,1,0,2,0,1,0
SRL0653,57,1,0,3,0,0,2,3,2
SRL0654,54,1,0,3,0,9,0,1,0
SRL0655,63,2,1,3,1,0,1,1,6
SRL0656,25,2,1,3,1,1,1,2,0
SRL0657,25,2,0,0,0,0,0,1,0
SRL0658,40,3,1,2,1,0,1,1,6
SRL0659,35,2,1,4,1,1,1,1,0
SRL0660,54,0,0,3,0,2,2,2,6
SRL0661,28,1,0,0,1,2,1,3,5
SRL0662,25,0,9,1,0,0,1,1,0
SRL0663,18,3,2,1,1,2,0,2,4
SRL0664,36,2,1,3,1,3,3,2,0
SRL0665,23,2,1,1,1,1,1,2,4
SRL0666,54,1,0,3,0,1,0,1,1
SRL0667,46,0,0,3,0,3,3,3,2
SRL0668,43,3,2,4,0,1,1,2,5
SRL0669,31,0,0,3,0,1,1,9,0
SRL0670,25,2,0,1,0,3,1,1,2
SRL0671,56,1,1,2,1,3,1,2,0
SRL0673,21,0,0,1,0,3,1,2,4
SRL0674,29,2,0,1,0,1,1,1,0
SRL0675,47,2,1,4,1,0,0,2,7
SRL0676,35,0,0,0,0,0,0,1,4
SRL0677,42,3,2,4,1,0,0,3,4
SRL0678,55,3,2,4,1,0,1,2,5
SRL0679,41,1,1,3,0,1,2,1,0
SRL0680,42,0,1,3,0,1,2,2,4
SRL0681,30,3,1,2,0,1,1,1,8
SRL0682,22,1,0,0,0,0,0,2,2
SRL0683,63,1,0,3,0,0,0,0,0
SRL0684,35,0,2,3,1,0,0,1,1
SRL0685,22,2,2,0,0,2,1,1,4
SRL0686,42,0,0,0,0,0,2,3,8
SRL0687,55,2,1,3,0,1,0,0,1
SRL0688,28,1,2,3,1,1,2,2,2
SRL0689,25,3,1,1,1,2,1,2,1
SRL0690,34,1,0,0,0,1,1,1,4
SRL0691,24,0,0,1,0,0,3,3,4
SRL0692,40,1,1,1,1,0,0,1,4
SRL0693,19,2,0,1,0,3,9,3,4
SRL0694,29,0,0,0,0,3,3,3,6
SRL0695,38,1,1,4,1,0,1,3,5
SRL0696,27,1,1,1,0,2,0,2,6
SRL0697,29,3,2,2,0,1,1,0,0
SRL0698,72,1,0,0,0,0,0,0,1
SRL0699,40,3,2,3,0,0,0,0,8
SRL0700,35,2,2,2,0,1,0,2,1
SRL0701,32,1,1,2,0,0,1,1,0
SRL0702,56,1,1,3,1,1,2,0,4
SRL0703,30,0,0,3,0,1,1,0,0
SRL0704,35,3,2,3,0,2,3,2,1
SRL0705,33,0,0,0,1,2,2,2,0
SRL0706,29,2,0,1,1,1,1,1,7
SRL0707,43,3,2,3,1,3,0,2,4
SRL0708,35,3,2,3,1,2,1,2,1
SRL0709,40,3,2,1,0,2,0,2,5
SRL0710,21,0,1,1,1,0,0,2,5
SRL0711,37,1,1,4,1,1,1,2,1
SRL0712,45,0,0,3,0,3,2,2,3
SRL0713,19,3,0,2,1,3,3,3,4
SRL0714,27,3,1,3,0,1,0,1,3
SRL0715,40,1,0,0,0,1,1,1,0
SRL0716,33,0,0,3,0,2,2,2,0
SRL0717,39,1,0,3,1,0,1,2,0
SRL0718,57,1,1,4,1,0,0,2,0
SRL0719,41,0,0,3,1,1,9,2,0
SRL0720,59,2,1,3,1,2,2,1,1
SRL0721,40,3,1,3,0,0,0,1,5
SRL0722,45,3,0,1,0,1,0,1,3
SRL0723,29,0,0,0,0,0,0,0,2
SRL0724,40,1,1,2,0,0,0,2,0
SRL0725,56,2,1,3,0,1,1,1,6
SRL0726,40,1,0,1,0,1,1,1,0
SRL0727,35,3,2,1,0,3,3,3,0
SRL0728,38,0,0,3,1,1,1,1,0
SRL0729,41,2,1,3,1,1,1,1,4
SRL0730,45,1,2,1,1,2,2,3,6
SRL0731,49,2,2,4,1,0,1,1,8
SRL0732,36,3,2,1,1,0,1,1,8
SRL0733,29,3,0,1,0,0,0,2,1
SRL0734,25,3,1,2,0,9,0,0,8
SRL0735,29,2,1,0,0,2,2,3,4
SRL0736,29,1,1,0,0,3,2,2,4
SRL0737,37,0,0,3,0,2,2,0,0
SRL0738,42,0,0,3,0,9,9,3,0
SRL0739,24,0,1,1,1,1,1,2,0
SRL0740,38,3,2,3,9,3,3,0,1
SRL0741,35,3,1,3,0,9,9,0,1
SRL0742,47,2,2,3,0,2,2,1,2
SRL0743,35,2,1,3,0,3,2,2,3
SRL0744,30,0,0,0,0,9,9,2,0
SRL0745,30,3,2,1,1,1,1,1,8
SRL0746,32,3,2,1,1,1,1,1,8
SRL0747,29,2,1,0,0,1,1,1,4
SRL0748,20,1,0,0,0,1,1,1,5
SRL0749,28,3,2,2,1,0,2,2,8
SRL0750,34,3,2,2,1,0,1,2,9
SRL0752,52,1,1,3,1,1,1,1,6
SRL0753,29,3,0,1,0,1,1,1,0
SRL0754,40,3,2,1,0,1,1,1,4
SRL0755,33,1,0,0,0,1,1,1,1
SRL0756,40,2,0,0,0,1,0,1,5
SRL0757,37,3,2,4,1,0,2,2,8
SRL0758,53,3,2,4,1,0,2,2,9
SRL0759,65,1,1,3,1,1,1,1,1
SRL0760,46,1,1,3,1,1,1,1,2
SRL0761,25,3,1,1,0,1,1,1,0
SRL0762,37,3,2,3,0,0,0,0,0
SRL0763,22,2,1,1,1,0,1,2,0
SRL0764,25,0,0,3,0,1,1,1,2
SRL0765,41,3,2,3,0,0,0,1,6
SRL0766,48,1,0,1,0,1,1,1,4
SRL0767,41,1,1,4,1,0,1,2,7
SRL0768,35,1,1,3,0,1,2,1,4
SRL0769,32,2,1,2,0,2,2,2,4
SRL0770,22,1,0,0,0,1,1,1,0
SRL0771,56,3,2,4,1,1,2,2,1
SRL0772,25,1,1,3,1,1,1,1,6
SRL0773,28,3,1,1,0,1,1,1,5
SRL0774,75,1,0,0,0,1,1,1,0
SRL0775,63,2,1,4,1,0,2,2,5
SRL0776,27,1,1,3,1,1,1,1,2
SRL0777,38,2,1,3,1,0,2,2,0
SRL0778,25,2,1,1,0,1,1,1,0
SRL0779,39,3,1,1,0,2,2,1,5
SRL0780,45,2,1,0,0,1,1,1,3
SRL0781,22,1,1,4,1,0,2,2,3
SRL0782,49,1,1,4,1,0,2,2,0
SRL0783,42,1,1,3,0,1,2,1,0
SRL0784,46,1,1,3,0,1,1,1,4
SRL0785,41,2,2,4,1,0,2,2,1
SRL0786,54,1,0,4,1,0,2,2,0
SRL0787,65,1,1,3,0,1,1,1,0
SRL0788,50,1,1,3,0,1,1,1,4
SRL0789,45,0,0,0,0,1,1,1,0
SRL0790,55,0,0,0,0,1,1,1,0
SRL0792,29,2,1,2,0,1,1,2,5
SRL0793,41,1,0,3,0,1,2,0,6
SRL0794,37,2,1,0,0,1,2,1,0
SRL0795,60,2,1,4,1,0,2,2,0
SRL0796,44,0,0,3,0,1,1,1,0
SRL0797,42,3,2,4,1,3,0,1,0
SRL0798,48,1,1,0,0,2,2,2,0
SRL0799,63,0,0,4,1,0,2,2,7
SRL0800,38,2,1,3,1,1,1,1,2
SRL0801,29,1,0,4,0,0,1,1,0
SRL0802,40,2,0,0,0,1,1,1,0
SRL0803,40,2,1,4,1,0,2,2,1
SRL0804,43,1,1,3,0,1,1,1,2
SRL0805,30,3,2,3,1,3,3,2,6
SRL0806,35,1,0,0,0,1,2,1,0
SRL0807,38,2,1,4,1,0,2,2,0
SRL0808,45,0,0,3,0,1,1,1,0
SRL0809,33,1,1,1,0,0,0,0,0
SRL0810,65,3,2,4,1,0,2,2,1
SRL0811,55,1,1,4,1,0,2,1,0
SRL0812,47,2,1,1,0,1,1,1,0
SRL0813,53,2,1,1,0,1,1,1,0
SRL0814,25,2,1,1,0,1,1,1,0
SRL0815,30,2,0,1,0,1,1,1,3
SRL0816,48,1,1,0,0,0,0,0,6
SRL0817,32,2,1,4,0,1,1,1,4
SRL0818,23,2,0,1,0,2,2,2,5
SRL0819,38,3,2,4,1,0,0,0,0
SRL0820,19,1,1,0,0,1,1,1,4
SRL0821,71,1,0,3,0,0,2,2,1
SRL0822,46,1,1,3,1,1,1,1,0
SRL0823,65,1,1,3,0,1,1,1,0
SRL0824,57,1,0,4,1,0,2,1,0
SRL0825,43,1,1,3,1,1,1,1,0
SRL0826,36,1,1,3,0,1,1,1,0
SRL0827,27,3,2,4,1,0,3,1,5
SRL0828,42,3,2,4,1,0,1,2,6
SRL0829,35,0,0,0,0,0,0,0,2
SRL0830,58,2,0,3,0,0,0,0,0
SRL0831,38,1,1,4,0,0,0,0,2
SRL0832,23,2,0,1,0,1,1,1,4
SRL0833,29,3,2,1,0,1,1,1,0
SRL0834,45,1,1,3,1,2,2,2,3
SRL0835,41,0,0,3,0,2,2,1,0
SRL0836,26,2,1,3,1,0,2,1,4
SRL0837,57,1,1,4,0,0,1,2,0
SRL0838,28,0,0,0,0,0,0,0,4
SRL0839,32,2,1,1,0,1,1,1,0
SRL0840,40,3,2,3,0,1,1,1,4
SRL0841,29,3,0,1,0,1,1,1,0
SRL0842,39,2,2,4,0,1,1,1,2
SRL0843,38,3,2,4,1,0,0,2,6
SRL0844,43,1,0,3,1,2,1,9,0
SRL0845,35,2,1,3,0,2,1,1,0
SRL0846,22,0,0,0,0,1,1,1,2
SRL0847,56,3,2,4,1,2,2,2,1
SRL0848,39,1,1,3,0,1,1,9,0
SRL0849,30,2,1,3,0,1,1,1,2
SRL0850,40,2,0,4,0,1,1,1,0
SRL0851,28,2,1,4,1,0,0,2,0
SRL0852,41,0,0,3,0,1,1,9,0
SRL0853,22,2,0,1,0,1,1,1,4
SRL0854,34,1,1,3,0,1,1,1,1
SRL0855,23,2,1,4,1,0,2,2,1
SRL0857,75,0,0,3,0,1,1,1,0
SRL0858,62,0,0,1,0,0,0,1,0
SRL0859,74,3,2,4,1,0,1,2,1
SRL0860,55,3,2,4,1,0,0,2,1
SRL0861,38,1,1,3,0,0,0,0,0
SRL0862,40,2,1,4,0,0,0,0,0
SRL0863,45,2,0,1,0,1,1,1,0
SRL0864,35,2,1,3,0,1,1,1,0
SRL0865,29,1,1,3,1,1,1,1,2
SRL0866,55,0,0,3,0,1,1,1,2
SRL0867,47,3,2,4,1,0,0,2,1
SRL0868,48,2,1,4,1,0,1,2,1
SRL0869,31,1,1,3,0,1,1,1,2
SRL0870,37,2,1,3,0,1,1,1,2
SRL0871,65,2,1,1,0,2,2,2,0
SRL0872,19,2,0,1,0,1,1,1,4
SRL0873,35,3,2,3,1,3,2,2,2
SRL0874,77,1,0,1,0,1,1,1,2
SRL0875,47,2,1,4,1,1,1,2,1
SRL0876,47,3,2,3,1,2,1,1,1
SRL0877,31,2,1,4,1,2,2,2,2
SRL0878,22,1,1,0,0,2,2,2,5
SRL0879,40,1,0,2,1,2,1,2,0
SRL0880,37,1,1,3,1,1,1,1,2
SRL0881,29,2,0,1,0,2,2,2,0
SRL0882,25,1,1,3,0,1,0,1,2
SRL0883,39,0,1,3,1,2,2,2,0
SRL0884,40,0,0,3,0,2,1,1,0
SRL0885,35,2,1,3,0,3,3,1,2
SRL0886,29,1,1,3,0,1,1,1,0
SRL0887,55,2,1,4,1,2,2,2,1
SRL0888,27,1,1,4,1,3,1,1,4
SRL0889,41,2,1,2,0,0,0,2,3
SRL0890,21,0,0,0,1,1,1,1,4
SRL0891,40,2,2,3,0,0,0,1,6
SRL0892,37,1,1,0,0,1,0,0,3
SRL0893,42,3,2,4,1,1,1,2,6
SRL0894,63,3,2,4,1,3,3,3,6
SRL0895,76,2,1,3,0,3,3,1,0
SRL0896,65,2,1,3,0,3,2,1,0
SRL0897,33,0,2,2,0,0,0,0,4
SRL0898,59,3,0,2,0,1,2,1,6
SRL0899,40,1,0,3,0,3,0,1,0
SRL0900,49,2,1,2,0,1,0,1,0
SRL0901,25,0,0,1,1,3,0,0,0
SRL0902,19,3,2,3,1,0,2,3,5
SRL0903,49,3,1,3,1,1,0,1,0
SRL0904,45,3,2,3,1,1,0,0,5
SRL0905,26,3,1,3,0,0,0,0,0
SRL0906,65,3,2,2,1,1,1,3,1
SRL0907,34,0,1,3,0,1,3,1,6
SRL0908,47,2,1,3,0,3,2,3,0
SRL0909,28,0,0,2,1,3,3,3,2
SRL0910,64,3,0,2,0,3,0,3,3
SRL0911,19,1,1,2,1,1,2,2,4
SRL0912,35,3,1,3,0,1,1,2,8
SRL0913,25,0,1,2,1,2,2,2,4
SRL0914,43,2,1,4,1,3,2,1,3
SRL0915,36,3,0,0,0,3,1,1,0
SRL0916,50,3,0,3,0,3,1,3,0
SRL0917,55,0,0,3,0,2,1,3,1
SRL0918,35,0,0,1,0,3,3,9,0
SRL0919,36,1,1,3,1,3,0,2,6
SRL0920,20,3,1,1,1,3,0,0,4
SRL0921,50,0,9,1,1,0,0,9,4
SRL0922,39,3,0,0,0,1,0,3,4
SRL0923,27,0,0,3,1,3,3,9,0
SRL0924,25,3,2,3,1,3,0,0,0
SRL0925,32,3,2,2,1,1,0,0,7
SRL0926,50,3,0,4,1,0,0,2,8
SRL0927,33,0,0,3,0,3,0,0,2
SRL0928,26,3,2,3,1,3,0,0,0
SRL0929,20,0,0,1,1,3,1,3,4
SRL0930,30,0,0,2,1,3,2,0,0
SRL0931,55,3,0,3,0,3,3,3,7
SRL0932,45,0,0,4,0,1,0,2,3
SRL0933,35,0,1,3,1,3,3,0,0
SRL0934,24,0,0,3,0,3,0,0,4
SRL0935,22,3,1,3,1,3,0,0,0
SRL0936,31,3,2,3,1,3,0,0,0
SRL0937,60,0,1,3,0,1,0,0,0
SRL0938,60,2,0,3,1,9,9,1,0
SRL0939,35,2,1,3,0,3,3,3,0
SRL0940,53,0,0,3,0,3,3,3,0
SRL0941,51,3,0,3,1,3,0,1,4
SRL0942,40,0,0,4,0,1,0,2,3
SRL0943,25,9,0,2,1,0,0,9,0
SRL0944,62,0,0,3,0,3,1,2,1
SRL0945,24,0,0,1,1,1,0,0,4
SRL0946,999,0,0,2,0,3,2,3,0
SRL0947,19,3,2,3,1,3,0,0,4
SRL0948,40,0,2,3,0,3,3,0,2
SRL0949,21,3,1,1,1,3,3,0,4
SRL0950,30,3,2,3,0,0,0,0,6
SRL0951,35,3,2,3,1,3,0,0,0
SRL0952,45,0,0,3,1,3,0,0,0
SRL0953,55,1,0,1,1,3,3,1,1
SRL0954,28,1,0,2,0,3,1,1,2
SRL0955,41,3,1,2,0,3,2,3,1
SRL0956,40,1,0,1,1,3,3,1,8
SRL0957,36,0,0,3,1,3,1,0,4
SRL0958,26,0,1,1,0,3,3,0,8
SRL0959,68,3,2,3,0,3,0,0,4
SRL0960,46,3,1,3,1,3,0,0,0
SRL0961,40,3,1,3,1,3,3,3,0
SRL0962,50,3,2,1,0,2,2,1,8
SRL0963,42,3,2,1,0,2,2,2,2
SRL0964,60,3,0,3,0,3,0,0,0
SRL0965,19,3,1,3,1,3,3,3,4
SRL0966,23,0,0,1,1,3,3,3,0
SRL0967,54,3,2,3,1,3,0,0,0
SRL0968,45,3,2,3,1,3,0,0,0
SRL0969,19,0,0,2,9,3,3,9,4
SRL0970,35,0,0,4,1,1,0,1,4
SRL0971,27,3,0,3,1,3,3,3,8
SRL0972,59,3,0,3,1,3,1,0,1
SRL0973,27,3,0,1,1,0,0,0,1
SRL0974,85,0,0,1,0,3,3,9,1
SRL0975,65,3,2,3,1,3,0,0,0
SRL0976,42,3,2,3,1,3,0,0,0
SRL0977,38,0,0,1,0,1,1,9,2
SRL0978,52,1,1,4,0,1,0,1,1
SRL0979,65,3,1,3,0,2,1,0,0
SRL0980,50,3,1,2,1,2,2,0,5
SRL0981,35,0,0,3,0,3,1,1,4
SRL0982,33,3,1,3,0,3,2,2,7
SRL0983,67,3,1,3,0,3,0,0,0
SRL0984,54,3,1,3,0,3,0,0,0
SRL0985,29,3,2,3,1,1,0,2,4
SRL0986,47,3,2,3,1,3,0,0,0
SRL0987,42,0,0,3,0,3,1,1,3
SRL0988,22,3,1,2,1,3,3,3,4
SRL0989,40,2,0,3,0,2,2,1,5
SRL0990,26,3,1,2,1,3,2,0,4
SRL0991,18,0,0,1,0,1,1,9,2
SRL0992,40,0,0,2,0,3,2,1,4
SRL0993,24,2,1,3,0,9,0,1,6
SRL0994,40,3,1,3,0,1,0,0,8
SRL0995,32,0,0,0,0,1,1,1,4
SRL0996,19,1,2,9,1,3,3,3,5
SRL0997,47,1,1,2,0,2,2,0,6
SRL0998,40,0,0,2,0,3,0,3,2
SRL0999,36,0,0,3,0,3,3,3,7
SRL1000,45,3,1,3,1,3,0,0,0
SRL1001,30,3,2,3,1,0,0,0,0
SRL1002,52,3,1,3,0,1,0,0,0
SRL1003,19,0,1,3,0,3,1,1,4
SRL1004,20,2,2,3,1,0,0,3,4
SRL1005,38,3,2,3,0,3,1,0,5
SRL1006,54,3,2,3,0,3,1,0,6
SRL1007,35,2,1,0,1,3,1,0,6
SRL1008,22,1,2,2,1,0,0,0,5
SRL1009,42,3,1,3,1,3,3,0,4
SRL1010,29,2,0,3,1,1,0,3,0
SRL1011,39,1,0,2,0,3,0,3,4
SRL1012,26,0,0,2,0,1,0,1,4
SRL1013,24,0,0,1,0,3,3,3,5
SRL1014,30,0,0,1,0,1,3,0,0
SRL1015,33,1,0,3,1,2,0,0,4
SRL1016,29,0,0,3,1,0,9,0,4
SRL1017,24,2,1,2,1,0,0,0,5
SRL1018,32,2,2,3,1,0,0,0,6
SRL1019,71,3,1,3,0,2,2,0,6
SRL1020,32,3,1,3,0,2,2,0,6
SRL1021,24,3,2,3,1,3,0,0,6
SRL1022,23,0,0,1,1,3,3,3,2
SRL1023,40,3,2,3,1,1,0,0,0
SRL1024,52,1,1,3,0,0,0,0,6
SRL1025,56,0,0,3,0,0,0,0,5
SRL1026,49,3,1,3,1,0,1,0,9
SRL1027,26,3,0,2,0,3,0,2,8
SRL1028,35,3,0,2,0,3,0,2,8
SRL1029,24,0,0,3,0,1,1,1,4
SRL1030,28,3,2,2,1,0,0,0,6
SRL1031,29,3,1,3,1,3,2,2,5
SRL1032,35,2,1,3,1,3,0,0,5
SRL1033,20,2,2,2,0,3,3,2,5
SRL1034,25,2,0,2,0,0,0,0,5
SRL1035,38,3,1,0,1,1,0,0,6
SRL1037,49,0,1,3,0,0,0,0,4
SRL1038,20,3,1,1,1,1,0,1,5
SRL1039,30,2,1,3,1,1,0,0,4
SRL1040,32,0,1,1,1,1,0,0,6
SRL1041,44,0,0,2,0,3,2,0,2
SRL1042,52,2,0,3,0,2,1,0,5
SRL1043,46,3,0,1,0,0,0,1,3
SRL1044,56,3,0,1,0,0,0,1,5
SRL1045,18,0,0,1,1,3,3,0,4
SRL1046,29,0,0,3,1,0,0,0,3
SRL1047,45,1,1,3,1,3,2,0,4
SRL1048,35,1,1,3,1,2,0,0,4
SRL1049,42,0,1,0,0,3,0,0,4
SRL1050,46,1,1,4,1,3,0,0,4
SRL1051,21,3,2,3,0,1,1,1,5
SRL1052,27,0,0,2,0,3,3,3,0
SRL1053,32,3,1,2,0,3,0,0,2
SRL1054,34,3,1,3,0,1,0,2,6
SRL1055,31,1,0,1,1,0,0,1,4
SRL1056,23,1,1,1,1,1,1,1,5
SRL1057,65,3,2,3,1,3,1,0,6
SRL1058,37,3,1,3,1,2,1,0,0
SRL1059,75,0,1,1,0,3,3,3,4
SRL1060,40,3,2,3,1,3,9,3,4
SRL1061,34,1,1,3,1,0,0,1,4
SRL1062,70,1,0,1,0,2,2,1,0
SRL1063,999,0,0,1,0,9,9,2,1
SRL1064,27,0,1,1,1,0,0,0,6
SRL1065,21,1,0,1,0,1,1,1,5
SRL1066,29,0,1,1,0,2,1,0,7
SRL1067,30,2,2,9,9,0,0,0,4
SRL1068,34,3,0,1,0,3,3,9,0
SRL1069,25,0,1,2,0,1,0,3,6
SRL1070,38,1,1,3,1,1,1,3,1
SRL1071,32,1,1,0,1,3,2,1,5
SRL1072,62,1,1,1,0,3,3,3,0
SRL1073,25,1,1,1,1,2,1,0,5
SRL1074,41,0,1,1,1,0,0,0,4
SRL1075,24,3,1,0,0,0,0,0,0
SRL1076,46,3,1,1,1,0,1,2,1
SRL1077,22,3,2,1,1,0,0,3,4
SRL1078,45,0,0,0,0,1,0,1,4
SRL1079,37,1,1,4,1,3,0,1,4
SRL1080,27,1,1,1,0,3,2,0,5
SRL1081,48,1,0,2,1,3,0,1,5
SRL1082,31,0,0,1,0,1,0,1,4
SRL1083,32,3,0,2,1,0,0,0,6
SRL1084,20,3,1,2,1,3,2,0,0
SRL1085,20,0,0,1,1,3,3,0,1
SRL1086,26,1,1,0,9,3,1,0,2
SRL1087,23,1,1,2,1,0,0,2,4
SRL1088,42,0,0,1,1,0,1,2,5
SRL1089,36,1,1,0,9,2,2,2,0
SRL1090,24,2,1,4,1,2,0,0,7
SRL1091,25,0,1,3,0,3,3,3,5
SRL1092,46,0,0,1,0,3,3,0,4
SRL1093,79,0,0,0,0,0,0,0,2
SRL1094,30,2,1,4,0,0,0,1,2
SRL1095,32,3,1,4,1,1,2,2,2
SRL1096,27,0,0,2,1,9,9,2,1
SRL1097,67,3,0,1,0,0,0,0,4
SRL1098,42,2,1,3,0,3,3,3,5
SRL1099,36,2,1,3,0,2,2,0,5
SRL1100,29,0,0,1,0,1,1,1,6
SRL1101,28,3,2,1,1,0,0,0,4
SRL1102,25,3,2,1,0,0,0,0,8
SRL1103,24,3,2,3,0,3,0,1,4
SRL1104,55,3,2,3,1,3,1,0,5
SRL1105,26,2,1,2,1,3,3,2,6
SRL1106,52,1,1,1,0,2,0,0,3
SRL1107,53,0,0,1,1,3,0,0,0
SRL1108,32,0,0,1,0,0,0,0,6
SRL1109,41,0,1,3,0,1,1,0,0
SRL1110,38,2,1,4,0,0,0,0,2
SRL1111,26,2,0,0,1,2,2,0,7
SRL1112,60,0,0,2,1,3,2,2,4
SRL1113,28,1,2,2,1,0,0,0,7
SRL1114,30,0,0,1,0,3,2,2,5
SRL1115,45,0,1,3,0,1,1,0,0
SRL1116,30,3,2,0,0,1,0,0,2
SRL1117,29,0,0,2,0,2,2,2,5
SRL1118,30,2,2,1,0,3,0,0,2
SRL1119,22,2,1,4,1,3,1,2,5
SRL1120,22,3,1,1,1,0,0,0,5
SRL1121,39,2,0,0,0,1,0,0,4
SRL1122,27,3,1,0,0,1,1,0,4
SRL1123,37,1,1,1,0,1,0,0,6
SRL1124,50,3,2,0,1,0,0,0,8
SRL1125,21,0,1,1,1,0,0,0,5
SRL1126,25,3,2,3,0,3,3,0,3
SRL1127,42,3,2,4,0,3,1,0,5
SRL1128,22,2,1,3,1,3,2,0,8
SRL1129,30,0,0,2,0,2,2,1,4
SRL1130,35,1,1,3,0,1,1,0,5
SRL1131,22,3,1,4,1,0,0,0,7
SRL1132,56,3,1,3,0,0,0,0,1
SRL1133,38,0,1,1,1,3,3,3,0
SRL1134,59,0,0,3,0,3,1,0,4
SRL1135,42,1,1,1,1,0,0,0,4
SRL1136,20,2,1,3,1,1,0,0,0
SRL1137,55,2,2,4,0,3,2,1,8
SRL1138,32,3,2,2,1,3,2,2,0
SRL1139,40,0,0,1,0,1,1,0,4
SRL1140,20,0,1,1,1,3,1,1,4
SRL1141,29,2,1,0,0,2,0,0,0
SRL1142,60,3,1,0,0,3,0,1,6
SRL1143,34,0,0,2,0,2,2,2,4
SRL1144,45,1,2,1,1,0,0,0,9
SRL1145,99,1,1,1,0,1,0,0,5
SRL1146,50,1,0,1,1,0,0,1,4
SRL1147,44,3,0,1,0,1,1,1,2
SRL1148,41,2,0,2,0,1,1,0,0
SRL1149,54,0,1,1,0,1,1,0,4
SRL1150,42,0,0,0,0,2,0,0,5
SRL1151,25,1,1,4,1,3,3,0,0
SRL1152,37,2,1,3,1,3,2,1,5
SRL1153,49,3,2,1,0,3,2,1,8
SRL1154,37,2,1,1,1,3,0,1,0
SRL1155,32,9,2,1,1,0,1,0,5
SRL1156,44,3,2,2,1,3,3,3,8
SRL1157,52,3,1,3,0,1,1,1,4
SRL1158,38,2,2,3,1,0,0,0,4
SRL1159,28,0,0,1,1,3,3,3,6
SRL1160,33,1,2,1,1,9,0,0,9
SRL1161,52,1,0,1,0,0,0,0,4
SRL1162,53,2,2,2,1,2,1,0,5
SRL1163,54,2,1,2,0,1,1,0,6
SRL1164,36,2,1,4,0,1,1,0,5
SRL1165,19,2,0,1,0,3,3,1,5
SRL1166,20,3,2,3,1,3,3,3,4
SRL1167,69,0,1,1,0,2,0,0,3
SRL1168,47,3,2,1,0,3,2,1,8
SRL1169,38,3,2,1,0,3,2,3,8
SRL1170,40,2,1,1,1,3,2,2,0
SRL1171,22,0,0,1,1,1,1,1,4
SRL1172,55,1,1,1,1,3,3,1,0
SRL1173,62,3,2,3,1,0,0,1,6
SRL1174,36,2,1,4,0,3,2,3,6
SRL1175,27,0,0,1,1,0,0,0,5
SRL1176,61,2,2,2,1,3,0,1,4
SRL1177,42,1,0,1,0,9,9,0,4
SRL1178,49,3,0,3,0,3,1,1,1
SRL1179,27,1,0,0,1,3,1,0,0
SRL1181,41,3,1,3,0,3,1,0,5
SRL1182,48,2,2,3,0,3,3,3,0
SRL1183,28,2,1,4,0,3,2,1,5
SRL1184,35,3,2,3,1,3,2,2,9
SRL1185,36,3,0,0,0,2,0,1,4
SRL1186,27,1,0,0,0,2,0,0,4
SRL1187,40,3,0,3,0,3,3,3,6
SRL1188,29,3,0,3,0,3,1,3,0
SRL1189,48,0,0,4,0,3,3,3,5
SRL1190,32,3,1,1,1,3,3,1,4
SRL1191,28,1,1,1,1,3,2,2,9
SRL1192,38,2,1,1,0,3,2,2,7
SRL1193,30,3,1,3,0,2,2,2,8
SRL1194,28,2,1,1,1,1,0,0,5
SRL1195,23,3,2,1,0,1,0,0,7
SRL1196,26,0,0,1,0,1,1,1,6
SRL1197,48,2,1,3,1,3,1,1,6
SRL1198,52,2,1,1,1,3,0,1,0
SRL1199,47,0,0,2,0,1,1,0,5
SRL1200,34,0,1,1,1,3,1,1,8
